Park Name,Town/Suburb,State,Chain/Brand,Source,Website,Latitude,Longitude,Family Score,Pool,Waterpark,Jumping Pillow,Playground,Beach,Pet Friendly,Google Rating,Review Count,Location Page
Discovery Parks - Ballina,Ballina,NSW,Discovery Parks,Discovery,,,,,,,,,,,,,
Discovery Parks - Burrill Lake,Burrill Lake,NSW,Discovery Parks,Discovery,,,,,,,,,,,,,
Discovery Parks - Byron Bay,Byron Bay,NSW,Discovery Parks,Discovery,,,,,,,,,,,,,
Discovery Parks - Casino,Casino,NSW,Discovery Parks,Discovery,,,,,,,,,,,,,
Discovery Parks - Dubbo,Dubbo,NSW,Discovery Parks,Discovery,,,,,,,,,,,,,
Discovery Parks - Eden,Eden,NSW,Discovery Parks,Discovery,,,,,,,,,,,,,
Discovery Parks - Emerald Beach,Emerald Beach,NSW,Discovery Parks,Discovery,,,,,,,,,,,,,
Discovery Parks - Forster,Forster,NSW,Discovery Parks,Discovery,,,,,,,,,,,,,
Discovery Parks - Gerroa,Gerroa,NSW,Discovery Parks,Discovery,,,,,,,,,,,,,
Discovery Parks - Harrington Beach,Harrington,NSW,Discovery Parks,Discovery,,,,,,,,,,,,,
Discovery Parks - Horseshoe Lagoon,Mathoura,NSW,Discovery Parks,Discovery,,,,,,,,,,,,,
Discovery Parks - Jindabyne,Jindabyne,NSW,Discovery Parks,Discovery,,,,,,,,,,,,,
Discovery Parks - Lake Hume NSW,Lake Hume,NSW,Discovery Parks,Discovery,,,,,,,,,,,,,
Discovery Parks - Lane Cove,Lane Cove,NSW,Discovery Parks,Discovery,,,,,,,,,,,,,
Discovery Parks - Maidens Inn Moama,Moama,NSW,Discovery Parks,Discovery,,,,,,,,,,,,,
Discovery Parks - Moama Waters,Moama,NSW,Discovery Parks,Discovery,,,,,,,,,,,,,
Discovery Parks - Moama West,Moama,NSW,Discovery Parks,Discovery,,,,,,,,,,,,,
Discovery Parks - Narooma Beach,Narooma,NSW,Discovery Parks,Discovery,,,,,,,,,,,,,
Discovery Parks - Pambula Beach,Pambula Beach,NSW,Discovery Parks,Discovery,,,,,,,,,,,,,
Discovery Parks - Canberra,Symonston,ACT,Discovery Parks,Discovery,,,,,,,,,,,,,
Discovery Parks - Alice Springs,Alice Springs,NT,Discovery Parks,Discovery,,,,,,,,,,,,,
Discovery Parks - Darwin,Darwin,NT,Discovery Parks,Discovery,,,,,,,,,,,,,
Discovery Parks - Glen Helen,Glen Helen,NT,Discovery Parks,Discovery,,,,,,,,,,,,,
Discovery Parks - Katherine,Katherine,NT,Discovery Parks,Discovery,,,,,,,,,,,,,
Discovery Resorts - Kings Canyon,Watarrka,NT,Discovery Parks,Discovery,,,,,,,,,,,,,
Discovery Parks - Airlie Beach,Airlie Beach,QLD,Discovery Parks,Discovery,,,,,,,,,,,,,
Discovery Parks - Argylla,Mount Isa,QLD,Discovery Parks,Discovery,,,,,,,,,,,,,
Discovery Parks - Ayr,Ayr,QLD,Discovery Parks,Discovery,,,,,,,,,,,,,
Discovery Parks - Bargara,Bargara,QLD,Discovery Parks,Discovery,,,,,,,,,,,,,
Discovery Parks - Biloela,Biloela,QLD,Discovery Parks,Discovery,,,,,,,,,,,,,
Discovery Parks - Blackwater,Blackwater,QLD,Discovery Parks,Discovery,,,,,,,,,,,,,
Discovery Parks - Cloncurry,Cloncurry,QLD,Discovery Parks,Discovery,,,,,,,,,,,,,
Discovery Parks - Coolwaters Yeppoon,Yeppoon,QLD,Discovery Parks,Discovery,,,,,,,,,,,,,
Discovery Parks - Emerald,Emerald,QLD,Discovery Parks,Discovery,,,,,,,,,,,,,
Discovery Parks - Fraser Street Hervey Bay,Hervey Bay,QLD,Discovery Parks,Discovery,,,,,,,,,,,,,
Discovery Parks - Lake Tinaroo,Tinaroo,QLD,Discovery Parks,Discovery,,,,,,,,,,,,,
Discovery Parks - Mackay,Mackay,QLD,Discovery Parks,Discovery,,,,,,,,,,,,,
Discovery Parks - Mount Isa,Mount Isa,QLD,Discovery Parks,Discovery,,,,,,,,,,,,,
Discovery Parks - Mount Surprise,Mount Surprise,QLD,Discovery Parks,Discovery,,,,,,,,,,,,,
Discovery Parks - Rockhampton,Rockhampton,QLD,Discovery Parks,Discovery,,,,,,,,,,,,,
Discovery Parks - Tannum Sands,Tannum Sands,QLD,Discovery Parks,Discovery,,,,,,,,,,,,,
Discovery Parks - Townsville,Townsville,QLD,Discovery Parks,Discovery,,,,,,,,,,,,,
Discovery Resorts - Undara Experience,Mount Surprise,QLD,Discovery Parks,Discovery,,,,,,,,,,,,,
Discovery Resorts - Habitat Noosa,Boreen Point,QLD,Discovery Parks,Discovery,,,,,,,,,,,,,
Discovery Parks - Adelaide Beachfront,Semaphore Park,SA,Discovery Parks,Discovery,,,,,,,,,,,,,
Discovery Parks - Barossa Valley,Tanunda,SA,Discovery Parks,Discovery,,,,,,,,,,,,,
Discovery Parks - Clare,Clare,SA,Discovery Parks,Discovery,,,,,,,,,,,,,
Discovery Parks - Coffin Bay,Coffin Bay,SA,Discovery Parks,Discovery,,,,,,,,,,,,,
Discovery Parks - Goolwa,Goolwa,SA,Discovery Parks,Discovery,,,,,,,,,,,,,
Discovery Parks - Hahndorf Resort,Hahndorf,SA,Discovery Parks,Discovery,,,,,,,,,,,,,
Discovery Parks - Kangaroo Island,American River,SA,Discovery Parks,Discovery,,,,,,,,,,,,,
Discovery Parks - Lake Bonney,Barmera,SA,Discovery Parks,Discovery,,,,,,,,,,,,,
Discovery Resorts - McCracken Country Club,Victor Harbor,SA,Discovery Parks,Discovery,,,,,,,,,,,,,
Discovery Parks - Port Augusta,Port Augusta,SA,Discovery Parks,Discovery,,,,,,,,,,,,,
Discovery Parks - Renmark Riverfront,Renmark,SA,Discovery Parks,Discovery,,,,,,,,,,,,,
Discovery Parks - Robe,Robe,SA,Discovery Parks,Discovery,,,,,,,,,,,,,
Discovery Parks - Roxby Downs,Roxby Downs,SA,Discovery Parks,Discovery,,,,,,,,,,,,,
Discovery Parks - Streaky Bay Foreshore,Streaky Bay,SA,Discovery Parks,Discovery,,,,,,,,,,,,,
Discovery Parks - West Beach Parks,West Beach,SA,Discovery Parks,Discovery,,,,,,,,,,,,,
Discovery Parks - Whyalla Foreshore,Whyalla,SA,Discovery Parks,Discovery,,,,,,,,,,,,,
Discovery Resorts - Wilpena Pound,Flinders Ranges,SA,Discovery Parks,Discovery,,,,,,,,,,,,,
Discovery Parks - Cradle Mountain,Cradle Mountain,TAS,Discovery Parks,Discovery,,,,,,,,,,,,,
Discovery Parks - Devonport,Devonport,TAS,Discovery Parks,Discovery,,,,,,,,,,,,,
Discovery Parks - Hadspen,Hadspen,TAS,Discovery Parks,Discovery,,,,,,,,,,,,,
Discovery Parks - Hobart,Hobart,TAS,Discovery Parks,Discovery,,,,,,,,,,,,,
Discovery Parks - Mornington Hobart,Mornington,TAS,Discovery Parks,Discovery,,,,,,,,,,,,,
Discovery Parks - Bright,Bright,VIC,Discovery Parks,Discovery,,,,,,,,,,,,,
Discovery Parks - Echuca,Echuca,VIC,Discovery Parks,Discovery,,,,,,,,,,,,,
Discovery Parks - Geelong,Geelong,VIC,Discovery Parks,Discovery,,,,,,,,,,,,,
Discovery Parks - Lake Hume VIC,Lake Hume,VIC,Discovery Parks,Discovery,,,,,,,,,,,,,
Discovery Parks - Melbourne,Melbourne,VIC,Discovery Parks,Discovery,,,,,,,,,,,,,
Discovery Parks - Mildura Buronga Riverside,Buronga,VIC,Discovery Parks,Discovery,,,,,,,,,,,,,
Discovery Parks - Mount Buffalo,Porepunkah,VIC,Discovery Parks,Discovery,,,,,,,,,,,,,
Discovery Parks - Nagambie Lakes,Nagambie,VIC,Discovery Parks,Discovery,,,,,,,,,,,,,
Discovery Parks - Warrnambool,Warrnambool,VIC,Discovery Parks,Discovery,,,,,,,,,,,,,
Discovery Parks - Boulder,Boulder,WA,Discovery Parks,Discovery,,,,,,,,,,,,,
Discovery Parks - Broome,Broome,WA,Discovery Parks,Discovery,,,,,,,,,,,,,
Discovery Parks - Bunbury Foreshore,Bunbury,WA,Discovery Parks,Discovery,,,,,,,,,,,,,
Discovery Parks - Bunbury Village,Bunbury,WA,Discovery Parks,Discovery,,,,,,,,,,,,,
Discovery Parks - Busselton,Busselton,WA,Discovery Parks,Discovery,,,,,,,,,,,,,
Discovery Parks - Carnarvon,Carnarvon,WA,Discovery Parks,Discovery,,,,,,,,,,,,,
Discovery Parks - Coogee Beach,Coogee,WA,Discovery Parks,Discovery,,,,,,,,,,,,,
Discovery Parks - Kalgoorlie Goldfields,Kalgoorlie,WA,Discovery Parks,Discovery,,,,,,,,,,,,,
Discovery Resorts - Lake Argyle,Lake Argyle,WA,Discovery Parks,Discovery,,,,,,,,,,,,,
Discovery Parks - Lake Kununurra,Kununurra,WA,Discovery Parks,Discovery,,,,,,,,,,,,,
Discovery Parks - Margaret River,Margaret River,WA,Discovery Parks,Discovery,,,,,,,,,,,,,
Discovery Parks - Onslow,Onslow,WA,Discovery Parks,Discovery,,,,,,,,,,,,,
Discovery Parks - Perth Airport,Forrestfield,WA,Discovery Parks,Discovery,,,,,,,,,,,,,
Discovery Parks - Pilbara Karratha,Karratha,WA,Discovery Parks,Discovery,,,,,,,,,,,,,
Discovery Parks - Port Hedland,Port Hedland,WA,Discovery Parks,Discovery,,,,,,,,,,,,,
Discovery Resorts - Rottnest Island,Rottnest Island,WA,Discovery Parks,Discovery,,,,,,,,,,,,,
Discovery Parks - Swan Valley,West Swan,WA,Discovery Parks,Discovery,,,,,,,,,,,,,
Discovery Parks - Woodman Point,Munster,WA,Discovery Parks,Discovery,,,,,,,,,,,,,
Discovery Resorts - El Questro Wilderness Park,Kununurra,WA,Discovery Parks,Discovery,,,,,,,,,,,,,
NRMA Blue Dolphin Yamba Holiday Resort,Yamba,NSW,NRMA Parks and Resorts,NRMA,nrmaparksandresorts.com.au,,,,,,,,,,,,
Angourie Resort,Yamba,NSW,NRMA Parks and Resorts,NRMA,nrmaparksandresorts.com.au,,,,,,,,,,,,
NRMA Darlington Beach Holiday Resort,Arrawarra,NSW,NRMA Parks and Resorts,NRMA,nrmaparksandresorts.com.au,,,,,,,,,,,,
NRMA South West Rocks Holiday Resort,South West Rocks,NSW,NRMA Parks and Resorts,NRMA,nrmaparksandresorts.com.au,,,,,,,,,,,,
NRMA Port Macquarie Breakwall Holiday Park,Port Macquarie,NSW,NRMA Parks and Resorts,NRMA,nrmaparksandresorts.com.au,,,,,,,,,,,,
NRMA Forster Tuncurry Holiday Park,Forster,NSW,NRMA Parks and Resorts,NRMA,nrmaparksandresorts.com.au,,,,,,,,,,,,
NRMA Myall Shores Holiday Park,Bombah Point,NSW,NRMA Parks and Resorts,NRMA,nrmaparksandresorts.com.au,,,,,,,,,,,,
NRMA Stockton Beach Holiday Park,Stockton,NSW,NRMA Parks and Resorts,NRMA,nrmaparksandresorts.com.au,,,,,,,,,,,,
NRMA Ocean Beach Holiday Resort,Umina Beach,NSW,NRMA Parks and Resorts,NRMA,nrmaparksandresorts.com.au,,,,,,,,,,,,
NRMA Sydney Lakeside Holiday Park,Narrabeen,NSW,NRMA Parks and Resorts,NRMA,nrmaparksandresorts.com.au,,,,,,,,,,,,
NRMA Budgewoi Holiday Park,Budgewoi,NSW,NRMA Parks and Resorts,NRMA,nrmaparksandresorts.com.au,,,,,,,,,,,,
NRMA Canton Beach Holiday Park,Toukley,NSW,NRMA Parks and Resorts,NRMA,nrmaparksandresorts.com.au,,,,,,,,,,,,
NRMA Norah Head Holiday Park,Norah Head,NSW,NRMA Parks and Resorts,NRMA,nrmaparksandresorts.com.au,,,,,,,,,,,,
NRMA Toowoon Bay Holiday Park,Toowoon Bay,NSW,NRMA Parks and Resorts,NRMA,nrmaparksandresorts.com.au,,,,,,,,,,,,
NRMA Shellharbour Beachside Holiday Park,Shellharbour,NSW,NRMA Parks and Resorts,NRMA,nrmaparksandresorts.com.au,,,,,,,,,,,,
NRMA Bathurst Panorama Holiday Park,Kelso,NSW,NRMA Parks and Resorts,NRMA,nrmaparksandresorts.com.au,,,,,,,,,,,,
NRMA Dubbo Holiday Park,Dubbo,NSW,NRMA Parks and Resorts,NRMA,nrmaparksandresorts.com.au,,,,,,,,,,,,
NRMA Jindabyne Holiday Park,Jindabyne,NSW,NRMA Parks and Resorts,NRMA,nrmaparksandresorts.com.au,,,,,,,,,,,,
NRMA Yarrawonga Mulwala Holiday Park,Mulwala,NSW,NRMA Parks and Resorts,NRMA,nrmaparksandresorts.com.au,,,,,,,,,,,,
NRMA Murramarang Beachfront Holiday Resort,South Durras,NSW,NRMA Parks and Resorts,NRMA,nrmaparksandresorts.com.au,,,,,,,,,,,,
NRMA Batemans Bay Holiday Resort,Batemans Bay,NSW,NRMA Parks and Resorts,NRMA,nrmaparksandresorts.com.au,,,,,,,,,,,,
NRMA Broulee Beach Holiday Park,Broulee,NSW,NRMA Parks and Resorts,NRMA,nrmaparksandresorts.com.au,,,,,,,,,,,,
NRMA Tathra Beachside Holiday Park,Tathra,NSW,NRMA Parks and Resorts,NRMA,nrmaparksandresorts.com.au,,,,,,,,,,,,
NRMA Merimbula Beach Holiday Resort,Merimbula,NSW,NRMA Parks and Resorts,NRMA,nrmaparksandresorts.com.au,,,,,,,,,,,,
Tweed Holiday Parks - Hastings Point,Hastings Point,NSW,NRMA (managed),Council/NRMA,,,,,,,,,,,,,
Tweed Holiday Parks - Pottsville North,Pottsville,NSW,NRMA (managed),Council/NRMA,,,,,,,,,,,,,
Tweed Holiday Parks - Pottsville South,Pottsville,NSW,NRMA (managed),Council/NRMA,,,,,,,,,,,,,
Tweed Holiday Parks - Fingal Holiday Park,Fingal Head,NSW,NRMA (managed),Council/NRMA,,,,,,,,,,,,,
Tweed Holiday Parks - Kingscliff Beach,Kingscliff,NSW,NRMA (managed),Council/NRMA,,,,,,,,,,,,,
NRMA Halls Gap Holiday Park,Halls Gap,VIC,NRMA Parks and Resorts,NRMA,nrmaparksandresorts.com.au,,,,,,,,,,,,
NRMA Phillip Island Beachfront Holiday Park,Newhaven,VIC,NRMA Parks and Resorts,NRMA,nrmaparksandresorts.com.au,,,,,,,,,,,,
NRMA Bairnsdale Riverside Holiday Park,Bairnsdale,VIC,NRMA Parks and Resorts,NRMA,nrmaparksandresorts.com.au,,,,,,,,,,,,
NRMA Ballarat Holiday Park,Ballarat,VIC,NRMA Parks and Resorts,NRMA,nrmaparksandresorts.com.au,,,,,,,,,,,,
NRMA Bright Holiday Park,Bright,VIC,NRMA Parks and Resorts,NRMA,nrmaparksandresorts.com.au,,,,,,,,,,,,
NRMA Eastern Beach Holiday Park,Lakes Entrance,VIC,NRMA Parks and Resorts,NRMA,nrmaparksandresorts.com.au,,,,,,,,,,,,
NRMA Echuca Holiday Park,Echuca,VIC,NRMA Parks and Resorts,NRMA,nrmaparksandresorts.com.au,,,,,,,,,,,,
NRMA Mildura Riverside Holiday Park,Mildura,VIC,NRMA Parks and Resorts,NRMA,nrmaparksandresorts.com.au,,,,,,,,,,,,
NRMA Portland Bay Holiday Park,Portland,VIC,NRMA Parks and Resorts,NRMA,nrmaparksandresorts.com.au,,,,,,,,,,,,
NRMA Port Campbell Holiday Park,Port Campbell,VIC,NRMA Parks and Resorts,NRMA,nrmaparksandresorts.com.au,,,,,,,,,,,,
NRMA Warrnambool Riverside Holiday Park,Warrnambool,VIC,NRMA Parks and Resorts,NRMA,nrmaparksandresorts.com.au,,,,,,,,,,,,
NRMA Agnes Water Holiday Park,Agnes Water,QLD,NRMA Parks and Resorts,NRMA,nrmaparksandresorts.com.au,,,,,,,,,,,,
NRMA Treasure Island Holiday Resort,Biggera Waters,QLD,NRMA Parks and Resorts,NRMA,nrmaparksandresorts.com.au,,,,,,,,,,,,Gold Coast
NRMA Airlie Beach Holiday Park,Airlie Beach,QLD,NRMA Parks and Resorts,NRMA,nrmaparksandresorts.com.au,,,,,,,,,,,,
NRMA Atherton Tablelands Holiday Park,Atherton,QLD,NRMA Parks and Resorts,NRMA,nrmaparksandresorts.com.au,,,,,,,,,,,,
NRMA Bowen Beachfront Holiday Park,Bowen,QLD,NRMA Parks and Resorts,NRMA,nrmaparksandresorts.com.au,,,,,,,,,,,,
NRMA Cairns Holiday Park,Cairns,QLD,NRMA Parks and Resorts,NRMA,nrmaparksandresorts.com.au,,,,,,,,,,,,
NRMA Capricorn Yeppoon Holiday Park,Kinka Beach,QLD,NRMA Parks and Resorts,NRMA,nrmaparksandresorts.com.au,,,,,,,,,,,,
NRMA Cape Hillsborough Nature Tourist Park,Cape Hillsborough,QLD,NRMA Parks and Resorts,NRMA,nrmaparksandresorts.com.au,,,,,,,,,,,,
NRMA Lake Somerset Holiday Park,Kilcoy,QLD,NRMA Parks and Resorts,NRMA,nrmaparksandresorts.com.au,,,,,,,,,,,,
NRMA Palm Cove Holiday Park,Palm Cove,QLD,NRMA Parks and Resorts,NRMA,nrmaparksandresorts.com.au,,,,,,,,,,,,
NRMA Woodgate Beach Holiday Park,Woodgate Beach,QLD,NRMA Parks and Resorts,NRMA,nrmaparksandresorts.com.au,,,,,,,,,,,,
Turtle Sands,Mon Repos,QLD,NRMA Parks and Resorts,NRMA,nrmaparksandresorts.com.au,,,,,,,,,,,,
NRMA Victor Harbor Beachfront Holiday Park,Victor Harbor,SA,NRMA Parks and Resorts,NRMA,nrmaparksandresorts.com.au,,,,,,,,,,,,
Cradle Mountain Hotel,Cradle Mountain,TAS,NRMA Parks and Resorts,NRMA,nrmaparksandresorts.com.au,,,,,,,,,,,,
Freycinet Lodge,Coles Bay,TAS,NRMA Parks and Resorts,NRMA,nrmaparksandresorts.com.au,,,,,,,,,,,,
Strahan Village,Strahan,TAS,NRMA Parks and Resorts,NRMA,nrmaparksandresorts.com.au,,,,,,,,,,,,
Pumphouse Point,Lake St Clair,TAS,NRMA Parks and Resorts,NRMA,nrmaparksandresorts.com.au,,,,,,,,,,,,
Ingenia Holidays Avina,Vineyard,NSW,Ingenia Holidays,Ingenia,ingeniaholidays.com.au,,,,,,,,,,,,
Ingenia Holidays Nepean River,Emu Plains,NSW,Ingenia Holidays,Ingenia,ingeniaholidays.com.au,,,,,,,,,,,,
Ingenia Holidays Sydney Hills,Dural,NSW,Ingenia Holidays,Ingenia,ingeniaholidays.com.au,,,,,,,,,,,,
Ingenia Holidays Hunter Valley,Lovedale,NSW,Ingenia Holidays,Ingenia,ingeniaholidays.com.au,,,,,,,,,,,,
Ingenia Holidays Lake Macquarie,Mannering Park,NSW,Ingenia Holidays,Ingenia,ingeniaholidays.com.au,,,,,,,,,,,,
Ingenia Holidays Soldiers Point,Soldiers Point,NSW,Ingenia Holidays,Ingenia,ingeniaholidays.com.au,,,,,,,,,,,,
Ingenia Holidays One Mile Beach,Anna Bay,NSW,Ingenia Holidays,Ingenia,ingeniaholidays.com.au,,,,,,,,,,,,
Ingenia Holidays Old Bar Beach,Old Bar,NSW,Ingenia Holidays,Ingenia,ingeniaholidays.com.au,,,,,,,,,,,,
Ingenia Holidays Bonny Hills,Bonny Hills,NSW,Ingenia Holidays,Ingenia,ingeniaholidays.com.au,,,,,,,,,,,,
Ingenia Holidays Middle Rock,Hawks Nest,NSW,Ingenia Holidays,Ingenia,ingeniaholidays.com.au,,,,,,,,,,,,
Ingenia Holidays Nambucca Heads,Nambucca Heads,NSW,Ingenia Holidays,Ingenia,ingeniaholidays.com.au,,,,,,,,,,,,
Ingenia Holidays South West Rocks,South West Rocks,NSW,Ingenia Holidays,Ingenia,ingeniaholidays.com.au,,,,,,,,,,,,
Ingenia Holidays Byron Bay,Byron Bay,NSW,Ingenia Holidays,Ingenia,ingeniaholidays.com.au,,,,,,,,,,,,
Ingenia Holidays Kingscliff,Kingscliff,NSW,Ingenia Holidays,Ingenia,ingeniaholidays.com.au,,,,,,,,,,,,
Ingenia Holidays Wagga Wagga,Wagga Wagga,NSW,Ingenia Holidays,Ingenia,ingeniaholidays.com.au,,,,,,,,,,,,
Ingenia Holidays Bermagui,Bermagui,NSW,Ingenia Holidays,Ingenia,ingeniaholidays.com.au,,,,,,,,,,,,
Ingenia Holidays Eden Beachfront,Eden,NSW,Ingenia Holidays,Ingenia,ingeniaholidays.com.au,,,,,,,,,,,,
Ingenia Holidays Merry Beach,Kioloa,NSW,Ingenia Holidays,Ingenia,ingeniaholidays.com.au,,,,,,,,,,,,
Ingenia Holidays Tomakin,Tomakin,NSW,Ingenia Holidays,Ingenia,ingeniaholidays.com.au,,,,,,,,,,,,
Ingenia Holidays Ulladulla,Ulladulla,NSW,Ingenia Holidays,Ingenia,ingeniaholidays.com.au,,,,,,,,,,,,
Ingenia Holidays Lake Conjola,Lake Conjola,NSW,Ingenia Holidays,Ingenia,ingeniaholidays.com.au,,,,,,,,,,,,
Ingenia Holidays Cape Paterson,Cape Paterson,VIC,Ingenia Holidays,Ingenia,ingeniaholidays.com.au,,,,,,,,,,,,
Ingenia Holidays Inverloch,Inverloch,VIC,Ingenia Holidays,Ingenia,ingeniaholidays.com.au,,,,,,,,,,,,
Ingenia Holidays Inverloch Foreshore,Inverloch,VIC,Ingenia Holidays,Ingenia,ingeniaholidays.com.au,,,,,,,,,,,,
Ingenia Holidays Queenscliff Beacon,Queenscliff,VIC,Ingenia Holidays,Ingenia,ingeniaholidays.com.au,,,,,,,,,,,,
Ingenia Holidays Torquay,Torquay,VIC,Ingenia Holidays,Ingenia,ingeniaholidays.com.au,,,,,,,,,,,,
Ingenia Holidays Murray Bend,Cobram,VIC,Ingenia Holidays,Ingenia,ingeniaholidays.com.au,,,,,,,,,,,,
Ingenia Holidays Phillip Island,Cowes,VIC,Ingenia Holidays,Ingenia,ingeniaholidays.com.au,,,,,,,,,,,,
Ingenia Holidays Causeway Lake,Lammermoor,QLD,Ingenia Holidays,Ingenia,ingeniaholidays.com.au,,,,,,,,,,,,
Ingenia Holidays Kinka Beach Yeppoon,Kinka Beach,QLD,Ingenia Holidays,Ingenia,ingeniaholidays.com.au,,,,,,,,,,,,
Ingenia Holidays Hervey Bay,Hervey Bay,QLD,Ingenia Holidays,Ingenia,ingeniaholidays.com.au,,,,,,,,,,,,
Ingenia Holidays Noosa,Tewantin,QLD,Ingenia Holidays,Ingenia,ingeniaholidays.com.au,,,,,,,,,,,,
Ingenia Holidays Noosa North,Boreen Point,QLD,Ingenia Holidays,Ingenia,ingeniaholidays.com.au,,,,,,,,,,,,
Ingenia Holidays Rivershore,Diddillibah,QLD,Ingenia Holidays,Ingenia,ingeniaholidays.com.au,,,,,,,,,,,,
Ingenia Holidays Cairns Coconut,Woree,QLD,Ingenia Holidays,Ingenia,ingeniaholidays.com.au,,,,,,,,,,,,
Ingenia Holidays Conway Beach,Conway Beach,QLD,Ingenia Holidays,Ingenia,ingeniaholidays.com.au,,,,,,,,,,,,
Ingenia Holidays Townsville,Rowes Bay,QLD,Ingenia Holidays,Ingenia,ingeniaholidays.com.au,,,,,,,,,,,,
Reflections Massy Greene,Brunswick Heads,NSW,Reflections Holiday Parks,Council,reflectionsholidayparks.com.au,,,,,,,,,,,,
Reflections Ferry Reserve,Brunswick Heads,NSW,Reflections Holiday Parks,Council,reflectionsholidayparks.com.au,,,,,,,,,,,,
Reflections Brunswick Heads,Brunswick Heads,NSW,Reflections Holiday Parks,Council,reflectionsholidayparks.com.au,,,,,,,,,,,,
Reflections Terrace Reserve,Brunswick Heads,NSW,Reflections Holiday Parks,Council,reflectionsholidayparks.com.au,,,,,,,,,,,,
Reflections Byron Bay,Byron Bay,NSW,Reflections Holiday Parks,Council,reflectionsholidayparks.com.au,,,,,,,,,,,,
Reflections Lennox Head,Lennox Head,NSW,Reflections Holiday Parks,Council,reflectionsholidayparks.com.au,,,,,,,,,,,,
Reflections Lake Ainsworth,Lennox Head,NSW,Reflections Holiday Parks,Council,reflectionsholidayparks.com.au,,,,,,,,,,,,
Reflections Ballina,Ballina,NSW,Reflections Holiday Parks,Council,reflectionsholidayparks.com.au,,,,,,,,,,,,
Reflections Shaws Bay,East Ballina,NSW,Reflections Holiday Parks,Council,reflectionsholidayparks.com.au,,,,,,,,,,,,
Reflections Evans Head,Evans Head,NSW,Reflections Holiday Parks,Council,reflectionsholidayparks.com.au,,,,,,,,,,,,
Reflections Clarence Head,Iluka,NSW,Reflections Holiday Parks,Council,reflectionsholidayparks.com.au,,,,,,,,,,,,
Reflections Red Rock,Red Rock,NSW,Reflections Holiday Parks,Council,reflectionsholidayparks.com.au,,,,,,,,,,,,
Reflections Corindi Beach,Corindi Beach,NSW,Reflections Holiday Parks,Council,reflectionsholidayparks.com.au,,,,,,,,,,,,
Reflections Moonee Beach,Moonee Beach,NSW,Reflections Holiday Parks,Council,reflectionsholidayparks.com.au,,,,,,,,,,,,
Reflections Coffs Harbour,Coffs Harbour,NSW,Reflections Holiday Parks,Council,reflectionsholidayparks.com.au,,,,,,,,,,,,
Reflections Urunga,Urunga,NSW,Reflections Holiday Parks,Council,reflectionsholidayparks.com.au,,,,,,,,,,,,
Reflections Mylestom,Mylestom,NSW,Reflections Holiday Parks,Council,reflectionsholidayparks.com.au,,,,,,,,,,,,
Reflections Nambucca Heads,Nambucca Heads,NSW,Reflections Holiday Parks,Council,reflectionsholidayparks.com.au,,,,,,,,,,,,
Reflections Scotts Head,Scotts Head,NSW,Reflections Holiday Parks,Council,reflectionsholidayparks.com.au,,,,,,,,,,,,
Reflections Bonny Hills,Bonny Hills,NSW,Reflections Holiday Parks,Council,reflectionsholidayparks.com.au,,,,,,,,,,,,
Reflections North Haven,North Haven,NSW,Reflections Holiday Parks,Council,reflectionsholidayparks.com.au,,,,,,,,,,,,
Reflections Manning Point,Manning Point,NSW,Reflections Holiday Parks,Council,reflectionsholidayparks.com.au,,,,,,,,,,,,
Reflections Jimmys Beach,Hawks Nest,NSW,Reflections Holiday Parks,Council,reflectionsholidayparks.com.au,,,,,,,,,,,,
Reflections Hawks Nest,Hawks Nest,NSW,Reflections Holiday Parks,Council,reflectionsholidayparks.com.au,,,,,,,,,,,,
Reflections Seal Rocks,Seal Rocks,NSW,Reflections Holiday Parks,Council,reflectionsholidayparks.com.au,,,,,,,,,,,,
Reflections Forster Beach,Forster,NSW,Reflections Holiday Parks,Council,reflectionsholidayparks.com.au,,,,,,,,,,,,
Reflections Tuncurry,Tuncurry,NSW,Reflections Holiday Parks,Council,reflectionsholidayparks.com.au,,,,,,,,,,,,
Reflections Tuncurry Lakes,Tuncurry,NSW,Reflections Holiday Parks,Council,reflectionsholidayparks.com.au,,,,,,,,,,,,
Reflections Bermagui,Bermagui,NSW,Reflections Holiday Parks,Council,reflectionsholidayparks.com.au,,,,,,,,,,,,
Reflections Wallaga Lake,Bermagui,NSW,Reflections Holiday Parks,Council,reflectionsholidayparks.com.au,,,,,,,,,,,,
Reflections Mystery Bay,Mystery Bay,NSW,Reflections Holiday Parks,Council,reflectionsholidayparks.com.au,,,,,,,,,,,,
Reflections Eden,Eden,NSW,Reflections Holiday Parks,Council,reflectionsholidayparks.com.au,,,,,,,,,,,,
Reflections Grabine Lakeside,Bigga,NSW,Reflections Holiday Parks,Council,reflectionsholidayparks.com.au,,,,,,,,,,,,
Reflections Burrinjuck Waters,Good Hope,NSW,Reflections Holiday Parks,Council,reflectionsholidayparks.com.au,,,,,,,,,,,,
Reflections Copeton Waters,Copeton,NSW,Reflections Holiday Parks,Council,reflectionsholidayparks.com.au,,,,,,,,,,,,
Reflections Lake Glenbawn,Scone,NSW,Reflections Holiday Parks,Council,reflectionsholidayparks.com.au,,,,,,,,,,,,
Reflections Lake Keepit,Tamworth,NSW,Reflections Holiday Parks,Council,reflectionsholidayparks.com.au,,,,,,,,,,,,
Reflections Wyangala Waters,Wyangala,NSW,Reflections Holiday Parks,Council,reflectionsholidayparks.com.au,,,,,,,,,,,,
Reflections Bourke,Bourke,NSW,Reflections Holiday Parks,Council,reflectionsholidayparks.com.au,,,,,,,,,,,,
Reflections Toomelah,Toomelah,NSW,Reflections Holiday Parks,Council,reflectionsholidayparks.com.au,,,,,,,,,,,,
RAC Busselton Holiday Park,Busselton,WA,RAC Parks,RAC,parksandresorts.rac.com.au,,,,,,,,,,,,
RAC Cable Beach Holiday Park,Broome,WA,RAC Parks,RAC,parksandresorts.rac.com.au,,,,,,,,,,,,
RAC Cervantes Holiday Park,Cervantes,WA,RAC Parks,RAC,parksandresorts.rac.com.au,,,,,,,,,,,,
RAC Esperance Holiday Park,Esperance,WA,RAC Parks,RAC,parksandresorts.rac.com.au,,,,,,,,,,,,
RAC Exmouth Cape Holiday Park,Exmouth,WA,RAC Parks,RAC,parksandresorts.rac.com.au,,,,,,,,,,,,
RAC Karri Valley Resort,Pemberton,WA,RAC Parks,RAC,parksandresorts.rac.com.au,,,,,,,,,,,,
RAC Margaret River Nature Park,Margaret River,WA,RAC Parks,RAC,parksandresorts.rac.com.au,,,,,,,,,,,,
RAC Monkey Mia Dolphin Resort,Monkey Mia,WA,RAC Parks,RAC,parksandresorts.rac.com.au,,,,,,,,,,,,
RAC Ningaloo Reef Resort,Coral Bay,WA,RAC Parks,RAC,parksandresorts.rac.com.au,,,,,,,,,,,,
Rose Gardens Beachside Holiday Park,Wattleup,WA,RAC Parks,RAC,parksandresorts.rac.com.au,,,,,,,,,,,,
Tasman Holiday Parks - Ballina,Ballina,NSW,Tasman Holiday Parks,Tasman,tasmanholidayparks.com.au,,,,,,,,,,,,
Tasman Holiday Parks - Nambucca Heads,Nambucca Heads,NSW,Tasman Holiday Parks,Tasman,tasmanholidayparks.com.au,,,,,,,,,,,,
Tasman Holiday Parks - North Star,Hastings Point,NSW,Tasman Holiday Parks,Tasman,tasmanholidayparks.com.au,,,,,,,,,,,,
Tasman Holiday Parks - Jervis Bay,Vincentia,NSW,Tasman Holiday Parks,Tasman,tasmanholidayparks.com.au,,,,,,,,,,,,
Tasman Holiday Parks - Kioloa Beach,Kioloa,NSW,Tasman Holiday Parks,Tasman,tasmanholidayparks.com.au,,,,,,,,,,,,
Tasman Holiday Parks - Merimbula,Merimbula,NSW,Tasman Holiday Parks,Tasman,tasmanholidayparks.com.au,,,,,,,,,,,,
Tasman Holiday Parks - Myola,Myola,NSW,Tasman Holiday Parks,Tasman,tasmanholidayparks.com.au,,,,,,,,,,,,
Tasman Holiday Parks - Racecourse Beach,Bawley Point,NSW,Tasman Holiday Parks,Tasman,tasmanholidayparks.com.au,,,,,,,,,,,,
Tasman Holiday Parks - Tathra Beach,Tathra,NSW,Tasman Holiday Parks,Tasman,tasmanholidayparks.com.au,,,,,,,,,,,,
Tasman Holiday Parks - Merool on the Murray,Moama,NSW,Tasman Holiday Parks,Tasman,tasmanholidayparks.com.au,,,,,,,,,,,,
Tasman Holiday Parks - Moama on the Murray,Moama,NSW,Tasman Holiday Parks,Tasman,tasmanholidayparks.com.au,,,,,,,,,,,,
Tasman Holiday Parks - Bendigo,Bendigo,VIC,Tasman Holiday Parks,Tasman,tasmanholidayparks.com.au,,,,,,,,,,,,
Tasman Holiday Parks - Bright,Bright,VIC,Tasman Holiday Parks,Tasman,tasmanholidayparks.com.au,,,,,,,,,,,,
Tasman Holiday Parks - South Bright,Bright,VIC,Tasman Holiday Parks,Tasman,tasmanholidayparks.com.au,,,,,,,,,,,,
Tasman Holiday Parks - Geelong,Geelong,VIC,Tasman Holiday Parks,Tasman,tasmanholidayparks.com.au,,,,,,,,,,,,
Tasman Holiday Parks - Warrnambool,Warrnambool,VIC,Tasman Holiday Parks,Tasman,tasmanholidayparks.com.au,,,,,,,,,,,,
Tasman Holiday Parks - Fraser Coast,Hervey Bay,QLD,Tasman Holiday Parks,Tasman,tasmanholidayparks.com.au,,,,,,,,,,,,
Tasman Holiday Parks - Hervey Bay,Hervey Bay,QLD,Tasman Holiday Parks,Tasman,tasmanholidayparks.com.au,,,,,,,,,,,,
Tasman Holiday Parks - Torquay Palms,Torquay,QLD,Tasman Holiday Parks,Tasman,tasmanholidayparks.com.au,,,,,,,,,,,,
Tasman Holiday Parks - Airlie Beach,Airlie Beach,QLD,Tasman Holiday Parks,Tasman,tasmanholidayparks.com.au,,,,,,,,,,,,
Tasman Holiday Parks - Cairns Cool Waters,Cairns,QLD,Tasman Holiday Parks,Tasman,tasmanholidayparks.com.au,,,,,,,,,,,,
Tasman Holiday Parks - Rollingstone,Rollingstone,QLD,Tasman Holiday Parks,Tasman,tasmanholidayparks.com.au,,,,,,,,,,,,
Tasman Holiday Parks - Rowes Bay,Townsville,QLD,Tasman Holiday Parks,Tasman,tasmanholidayparks.com.au,,,,,,,,,,,,
Tasman Holiday Parks - South Mission Beach,South Mission Beach,QLD,Tasman Holiday Parks,Tasman,tasmanholidayparks.com.au,,,,,,,,,,,,
Tasman Holiday Parks - St Helens,St Helens,TAS,Tasman Holiday Parks,Tasman,tasmanholidayparks.com.au,,,,,,,,,,,,
Tasman Holiday Parks - Ledge Point,Ledge Point,WA,Tasman Holiday Parks,Tasman,tasmanholidayparks.com.au,,,,,,,,,,,,
Tasman Holiday Parks - Albany,Middleton Beach,WA,Tasman Holiday Parks,Tasman,tasmanholidayparks.com.au,,,,,,,,,,,,
Tasman Holiday Parks - Denham Seaside,Denham,WA,Tasman Holiday Parks,Tasman,tasmanholidayparks.com.au,,,,,,,,,,,,
Tasman Holiday Parks - Kalbarri,Kalbarri,WA,Tasman Holiday Parks,Tasman,tasmanholidayparks.com.au,,,,,,,,,,,,
Tasman Holiday Parks - Serpentine Falls,Serpentine,WA,Tasman Holiday Parks,Tasman,tasmanholidayparks.com.au,,,,,,,,,,,,
Tasman Holiday Parks - Yallingup Beach,Yallingup,WA,Tasman Holiday Parks,Tasman,tasmanholidayparks.com.au,,,,,,,,,,,,
Tasman Holiday Parks - Yallingup Caves,Yallingup,WA,Tasman Holiday Parks,Tasman,tasmanholidayparks.com.au,,,,,,,,,,,,
Esperance Bay Holiday Park,Esperance,WA,Summerstar Tourist Parks,Summerstar,summerstar.com.au,,,,,,,,,,,,
Walpole Rest Point Caravan Park,Walpole,WA,Summerstar Tourist Parks,Summerstar,summerstar.com.au,,,,,,,,,,,,
Busselton Lazy Days Caravan Park,Busselton,WA,Summerstar Tourist Parks,Summerstar,summerstar.com.au,,,,,,,,,,,,
Margaret River Tourist Park,Margaret River,WA,Summerstar Tourist Parks,Summerstar,summerstar.com.au,,,,,,,,,,,,
Riverview Tourist Park,Margaret River,WA,Summerstar Tourist Parks,Summerstar,summerstar.com.au,,,,,,,,,,,,
Jurien Bay Tourist Park,Jurien Bay,WA,Summerstar Tourist Parks,Summerstar,summerstar.com.au,,,,,,,,,,,,
Geraldton Belair Gardens Caravan Park,Geraldton,WA,Summerstar Tourist Parks,Summerstar,summerstar.com.au,,,,,,,,,,,,
Horrocks Beach Caravan Park,Horrocks,WA,Summerstar Tourist Parks,Summerstar,summerstar.com.au,,,,,,,,,,,,
Kalbarri Red Bluff Tourist Park,Kalbarri,WA,Summerstar Tourist Parks,Summerstar,summerstar.com.au,,,,,,,,,,,,
Carnarvon Capricorn Holiday Park,Carnarvon,WA,Summerstar Tourist Parks,Summerstar,summerstar.com.au,,,,,,,,,,,,
Tom Price Tourist Park,Tom Price,WA,Summerstar Tourist Parks,Summerstar,summerstar.com.au,,,,,,,,,,,,
Broome Caravan Park,Broome,WA,Summerstar Tourist Parks,Summerstar,summerstar.com.au,,,,,,,,,,,,
Eighty Mile Beach Caravan Park,Eighty Mile Beach,WA,Summerstar Tourist Parks,Summerstar,summerstar.com.au,,,,,,,,,,,,
Nanga Shark Bay Caravan Park,Nanga Bay,WA,Summerstar Tourist Parks,Summerstar,summerstar.com.au,,,,,,,,,,,,
Hidden Valley Kununurra Caravan Park,Kununurra,WA,Summerstar Tourist Parks,Summerstar,summerstar.com.au,,,,,,,,,,,,
Collie Caravan Park,Collie,WA,Summerstar Tourist Parks,Summerstar,summerstar.com.au,,,,,,,,,,,,
Port Hedland Caravan Park,Port Hedland,WA,Summerstar Tourist Parks,Summerstar,summerstar.com.au,,,,,,,,,,,,
Ceduna Shelly Beach Caravan Park,Ceduna,SA,Summerstar Tourist Parks,Summerstar,summerstar.com.au,,,,,,,,,,,,
Valla Beach Holiday Park,Valla Beach,NSW,Hampshire Holidays,Hampshire,hampshireholidays.com.au,,,,,,,,,,,,
Wairo Beach Holiday Park,Bawley Point,NSW,Hampshire Holidays,Hampshire,hampshireholidays.com.au,,,,,,,,,,,,
Batemans Bay Marina Resort,Batemans Bay,NSW,Hampshire Holidays,Hampshire,hampshireholidays.com.au,,,,,,,,,,,,
Big River Holiday Park,Grafton,NSW,Hampshire Holidays,Hampshire,hampshireholidays.com.au,,,,,,,,,,,,
Casino Holiday Park,Casino,NSW,Hampshire Holidays,Hampshire,hampshireholidays.com.au,,,,,,,,,,,,
Happy Hallidays Holiday Park,Hallidays Point,NSW,Hampshire Holidays,Hampshire,hampshireholidays.com.au,,,,,,,,,,,,
Manning Point Holiday Park,Manning Point,NSW,Hampshire Holidays,Hampshire,hampshireholidays.com.au,,,,,,,,,,,,
Nelligen Holiday Park,Nelligen,NSW,Hampshire Holidays,Hampshire,hampshireholidays.com.au,,,,,,,,,,,,
Opal Holiday Park,Lightning Ridge,NSW,Hampshire Holidays,Hampshire,hampshireholidays.com.au,,,,,,,,,,,,
Wallaga Lake Holiday Park,Wallaga Lake,NSW,Hampshire Holidays,Hampshire,hampshireholidays.com.au,,,,,,,,,,,,
Camden Holiday Park,Elderslie,NSW,Hampshire Holidays,Hampshire,hampshireholidays.com.au,,,,,,,,,,,,
Heatherbrae Holiday Village,Heatherbrae,NSW,Hampshire Holidays,Hampshire,hampshireholidays.com.au,,,,,,,,,,,,
Joalah Holiday Park,Kangaroo Valley,NSW,Hampshire Holidays,Hampshire,hampshireholidays.com.au,,,,,,,,,,,,
Kalaru Holiday Village,Kalaru,NSW,Hampshire Holidays,Hampshire,hampshireholidays.com.au,,,,,,,,,,,,
Lakeside Forster Holiday Park,Forster,NSW,Hampshire Holidays,Hampshire,hampshireholidays.com.au,,,,,,,,,,,,
Mittagong Holiday Park,Mittagong,NSW,Hampshire Holidays,Hampshire,hampshireholidays.com.au,,,,,,,,,,,,
Moruya Holiday Park,Moruya,NSW,Hampshire Holidays,Hampshire,hampshireholidays.com.au,,,,,,,,,,,,
Moss Vale Holiday Park,Moss Vale,NSW,Hampshire Holidays,Hampshire,hampshireholidays.com.au,,,,,,,,,,,,
North Haven Holiday Village,North Haven,NSW,Hampshire Holidays,Hampshire,hampshireholidays.com.au,,,,,,,,,,,,
Port Macquarie Rental Village,Port Macquarie,NSW,Hampshire Holidays,Hampshire,hampshireholidays.com.au,,,,,,,,,,,,
Shellharbour Holiday Village,Barrack Point,NSW,Hampshire Holidays,Hampshire,hampshireholidays.com.au,,,,,,,,,,,,
Tamworth Holiday Park,Tamworth,NSW,Hampshire Holidays,Hampshire,hampshireholidays.com.au,,,,,,,,,,,,
Albury Holiday Park,Lavington,NSW,Hampshire Holidays,Hampshire,hampshireholidays.com.au,,,,,,,,,,,,
Howard Springs Holiday Park,Howard Springs,NT,Hampshire Holidays,Hampshire,hampshireholidays.com.au,,,,,,,,,,,,
Lucinda Wanderers Holiday Park,Lucinda,QLD,Hampshire Holidays,Hampshire,hampshireholidays.com.au,,,,,,,,,,,,
Toowoomba Holiday Park,Harristown,QLD,Hampshire Holidays,Hampshire,hampshireholidays.com.au,,,,,,,,,,,,
Townsville Gateway Holiday Park,Townsville,QLD,Hampshire Holidays,Hampshire,hampshireholidays.com.au,,,,,,,,,,,,
Coomera Holiday Village,Upper Coomera,QLD,Hampshire Holidays,Hampshire,hampshireholidays.com.au,,,,,,,,,,,,
Crows Nest Tourist Park,Crows Nest,QLD,Hampshire Holidays,Hampshire,hampshireholidays.com.au,,,,,,,,,,,,
Landsborough Holiday Park,Landsborough,QLD,Hampshire Holidays,Hampshire,hampshireholidays.com.au,,,,,,,,,,,,
Longreach Tourist Park,Longreach,QLD,Hampshire Holidays,Hampshire,hampshireholidays.com.au,,,,,,,,,,,,
Mackay Caravan Park,Mackay,QLD,Hampshire Holidays,Hampshire,hampshireholidays.com.au,,,,,,,,,,,,
Toowoomba Caravan Park,Toowoomba,QLD,Hampshire Holidays,Hampshire,hampshireholidays.com.au,,,,,,,,,,,,
Victor Harbor Holiday Park,Victor Harbor,SA,Hampshire Holidays,Hampshire,hampshireholidays.com.au,,,,,,,,,,,,
Collendina Caravan Park,Ocean Grove,VIC,Hampshire Holidays,Hampshire,hampshireholidays.com.au,,,,,,,,,,,,
Dylene Holiday Park,St Leonards,VIC,Hampshire Holidays,Hampshire,hampshireholidays.com.au,,,,,,,,,,,,
Geelong Holiday Park,Geelong,VIC,Hampshire Holidays,Hampshire,hampshireholidays.com.au,,,,,,,,,,,,
Barwon River Holiday Park,Geelong,VIC,Hampshire Holidays,Hampshire,hampshireholidays.com.au,,,,,,,,,,,,
Warburton Holiday Park,Warburton,VIC,Hampshire Holidays,Hampshire,hampshireholidays.com.au,,,,,,,,,,,,
Waters Edge Holiday Park,Lakes Entrance,VIC,Hampshire Holidays,Hampshire,hampshireholidays.com.au,,,,,,,,,,,,
Shepparton Holiday Village,Shepparton,VIC,Hampshire Holidays,Hampshire,hampshireholidays.com.au,,,,,,,,,,,,
Borderland Wodonga Holiday Park,Wodonga,VIC,Hampshire Holidays,Hampshire,hampshireholidays.com.au,,,,,,,,,,,,
Perth Midland Tourist Park,Middle Swan,WA,Hampshire Holidays,Hampshire,hampshireholidays.com.au,,,,,,,,,,,,
Northam Caravan Park,Northam,WA,Hampshire Holidays,Hampshire,hampshireholidays.com.au,,,,,,,,,,,,
Broadwater Tourist Park,Southport,QLD,Gold Coast Tourist Parks,Council,goldcoasttouristparks.com.au,,,,,,,,,,,,Gold Coast
Main Beach Tourist Park,Main Beach,QLD,Gold Coast Tourist Parks,Council,goldcoasttouristparks.com.au,,,,,,,,,,,,Gold Coast
Burleigh Beach Tourist Park,Burleigh Heads,QLD,Gold Coast Tourist Parks,Council,goldcoasttouristparks.com.au,,,,,,,,,,,,Gold Coast
Tallebudgera Creek Tourist Park,Palm Beach,QLD,Gold Coast Tourist Parks,Council,goldcoasttouristparks.com.au,,,,,,,,,,,,Gold Coast
Kirra Beach Tourist Park,Coolangatta,QLD,Gold Coast Tourist Parks,Council,goldcoasttouristparks.com.au,,,,,,,,,,,,Gold Coast
Ocean Beach Tourist Park,Miami,QLD,Gold Coast Tourist Parks,Council,goldcoasttouristparks.com.au,,,,,,,,,,,,Gold Coast
Jacobs Well Tourist Park,Jacobs Well,QLD,Gold Coast Tourist Parks,Council,goldcoasttouristparks.com.au,,,,,,,,,,,,
Easts Beach Holiday Park,Kiama,NSW,BIG4,BIG4,big4.com.au,,,,,,,,,,,,
BIG4 Sydney Lakeside Holiday Park,Lane Cove,NSW,BIG4,BIG4,big4.com.au,,,,,,,,,,,,
BIG4 Canobolas Caravan Park,Orange,NSW,BIG4,BIG4,big4.com.au,,,,,,,,,,,,
BIG4 Mudgee Holiday Park,Mudgee,NSW,BIG4,BIG4,big4.com.au,,,,,,,,,,,,
BIG4 Opal Holiday Park,Lightning Ridge,NSW,BIG4,BIG4,big4.com.au,,,,,,,,,,,,
BIG4 Paradise Tamworth,Tamworth,NSW,BIG4,BIG4,big4.com.au,,,,,,,,,,,,
BIG4 Bays Holiday Park,Port Stephens,NSW,BIG4,BIG4,big4.com.au,,,,,,,,,,,,
BIG4 Colonial Holiday Park,Harrington,NSW,BIG4,BIG4,big4.com.au,,,,,,,,,,,,
BIG4 Happy Hallidays,Hallidays Point,NSW,BIG4,BIG4,big4.com.au,,,,,,,,,,,,
BIG4 Karuah Jetty Holiday Park,Karuah,NSW,BIG4,BIG4,big4.com.au,,,,,,,,,,,,
BIG4 Manning Point Holiday Park,Manning Point,NSW,BIG4,BIG4,big4.com.au,,,,,,,,,,,,
BIG4 Park Beach Holiday Park,Coffs Harbour,NSW,BIG4,BIG4,big4.com.au,,,,,,,,,,,,
BIG4 River Myall Holiday Resort,Tea Gardens,NSW,BIG4,BIG4,big4.com.au,,,,,,,,,,,,
BIG4 Sawtell Beach Holiday Park,Sawtell,NSW,BIG4,BIG4,big4.com.au,,,,,,,,,,,,
BIG4 Twin Dolphins,Tuncurry,NSW,BIG4,BIG4,big4.com.au,,,,,,,,,,,,
BIG4 Big River Holiday Park,Grafton,NSW,BIG4,BIG4,big4.com.au,,,,,,,,,,,,
BIG4 Casino Holiday Park,Casino,NSW,BIG4,BIG4,big4.com.au,,,,,,,,,,,,
BIG4 Saltwater Yamba Holiday Park,Yamba,NSW,BIG4,BIG4,big4.com.au,,,,,,,,,,,,
BIG4 Solitary Islands Resort,Wooli,NSW,BIG4,BIG4,big4.com.au,,,,,,,,,,,,
BIG4 Tweed Billabong Holiday Park,Tweed Heads South,NSW,BIG4,BIG4,big4.com.au,,,,,,,,,,,,
BIG4 Hay Plains Holiday Park,Hay,NSW,BIG4,BIG4,big4.com.au,,,,,,,,,,,,
BIG4 Batemans Bay at Easts Riverside,Batemans Bay,NSW,BIG4,BIG4,big4.com.au,,,,,,,,,,,,
BIG4 Moruya Heads Easts Dolphin Beach,Moruya Heads,NSW,BIG4,BIG4,big4.com.au,,,,,,,,,,,,
BIG4 Narooma Easts Holiday Park,Narooma,NSW,BIG4,BIG4,big4.com.au,,,,,,,,,,,,
BIG4 Nelligen Holiday Park,Nelligen,NSW,BIG4,BIG4,big4.com.au,,,,,,,,,,,,
BIG4 South Durras Holiday Park,South Durras,NSW,BIG4,BIG4,big4.com.au,,,,,,,,,,,,
BIG4 Ulladulla Beachside,Ulladulla,NSW,BIG4,BIG4,big4.com.au,,,,,,,,,,,,
BIG4 Wallaga Lake Holiday Park,Wallaga Lake,NSW,BIG4,BIG4,big4.com.au,,,,,,,,,,,,
BIG4 Albury Tourist Park,Albury,NSW,BIG4,BIG4,big4.com.au,,,,,,,,,,,,
BIG4 Barham Holiday Park,Barham,NSW,BIG4,BIG4,big4.com.au,,,,,,,,,,,,
BIG4 Deniliquin Holiday Park,Deniliquin,NSW,BIG4,BIG4,big4.com.au,,,,,,,,,,,,
BIG4 Moama Holiday Park,Moama,NSW,BIG4,BIG4,big4.com.au,,,,,,,,,,,,
BIG4 Eagle Point Caravan Park,Eagle Point,VIC,BIG4,BIG4,big4.com.au,,,,,,,,,,,,
BIG4 Long Jetty Caravan Park,Port Welshpool,VIC,BIG4,BIG4,big4.com.au,,,,,,,,,,,,
BIG4 Sale Caravan Park,Sale,VIC,BIG4,BIG4,big4.com.au,,,,,,,,,,,,
BIG4 Traralgon Park Lane Holiday Park,Traralgon,VIC,BIG4,BIG4,big4.com.au,,,,,,,,,,,,
BIG4 Whiters Holiday Village,Lakes Entrance,VIC,BIG4,BIG4,big4.com.au,,,,,,,,,,,,
BIG4 Wilsons Prom Holiday Park,Yanakie,VIC,BIG4,BIG4,big4.com.au,,,,,,,,,,,,
BIG4 Ballarat Windmill Holiday Park,Ballarat,VIC,BIG4,BIG4,big4.com.au,,,,,,,,,,,,
BIG4 Bendigo Marong,Marong,VIC,BIG4,BIG4,big4.com.au,,,,,,,,,,,,
BIG4 Bendigo Park Lane,Bendigo,VIC,BIG4,BIG4,big4.com.au,,,,,,,,,,,,
BIG4 Castlemaine Gardens,Castlemaine,VIC,BIG4,BIG4,big4.com.au,,,,,,,,,,,,
BIG4 Kryal Castle Holiday Park,Leigh Creek,VIC,BIG4,BIG4,big4.com.au,,,,,,,,,,,,
BIG4 Seymour Holiday Park,Seymour,VIC,BIG4,BIG4,big4.com.au,,,,,,,,,,,,
BIG4 Shepparton Park Lane,Shepparton,VIC,BIG4,BIG4,big4.com.au,,,,,,,,,,,,
BIG4 Aireys Inlet,Aireys Inlet,VIC,BIG4,BIG4,big4.com.au,,,,,,,,,,,,
BIG4 Anglesea Holiday Park,Anglesea,VIC,BIG4,BIG4,big4.com.au,,,,,,,,,,,,
BIG4 Apollo Bay Pisces,Apollo Bay,VIC,BIG4,BIG4,big4.com.au,,,,,,,,,,,,
BIG4 Bellarine Holiday Park,Marcus Hill,VIC,BIG4,BIG4,big4.com.au,,,,,,,,,,,,
BIG4 Narrawong Island,Narrawong,VIC,BIG4,BIG4,big4.com.au,,,,,,,,,,,,
BIG4 Port Fairy Holiday Park,Port Fairy,VIC,BIG4,BIG4,big4.com.au,,,,,,,,,,,,
BIG4 Wye River Holiday Park,Wye River,VIC,BIG4,BIG4,big4.com.au,,,,,,,,,,,,
BIG4 Crystal Brook,Doncaster East,VIC,BIG4,BIG4,big4.com.au,,,,,,,,,,,,
BIG4 Dandenong Tourist Park,Dandenong,VIC,BIG4,BIG4,big4.com.au,,,,,,,,,,,,
BIG4 Melbourne Holiday Park,Melbourne,VIC,BIG4,BIG4,big4.com.au,,,,,,,,,,,,
BIG4 Mornington Peninsula,Rosebud,VIC,BIG4,BIG4,big4.com.au,,,,,,,,,,,,
BIG4 Kerang Riverfront,Kerang,VIC,BIG4,BIG4,big4.com.au,,,,,,,,,,,,
BIG4 Mildura Getaway,Mildura,VIC,BIG4,BIG4,big4.com.au,,,,,,,,,,,,
BIG4 Red Cliffs,Red Cliffs,VIC,BIG4,BIG4,big4.com.au,,,,,,,,,,,,
BIG4 Riverside Swan Hill,Swan Hill,VIC,BIG4,BIG4,big4.com.au,,,,,,,,,,,,
BIG4 Swan Hill,Swan Hill,VIC,BIG4,BIG4,big4.com.au,,,,,,,,,,,,
BIG4 Rutherglen Holiday Park,Rutherglen,VIC,BIG4,BIG4,big4.com.au,,,,,,,,,,,,
BIG4 Taggerty Holiday Park,Taggerty,VIC,BIG4,BIG4,big4.com.au,,,,,,,,,,,,
BIG4 Wangaratta North Cedars,Wangaratta,VIC,BIG4,BIG4,big4.com.au,,,,,,,,,,,,
BIG4 Yarra Valley Park Lane,Healesville,VIC,BIG4,BIG4,big4.com.au,,,,,,,,,,,,
BIG4 Cania Gorge Holiday Park,Monto,QLD,BIG4,BIG4,big4.com.au,,,,,,,,,,,,
BIG4 Rules Beach Holiday Park,Rules Beach,QLD,BIG4,BIG4,big4.com.au,,,,,,,,,,,,
BIG4 Carnarvon Gorge Holiday Park,Carnarvon Gorge,QLD,BIG4,BIG4,big4.com.au,,,,,,,,,,,,
BIG4 Lake Maraboon Holiday Village,Emerald,QLD,BIG4,BIG4,big4.com.au,,,,,,,,,,,,
BIG4 Hervey Bay Holiday Park,Hervey Bay,QLD,BIG4,BIG4,big4.com.au,,,,,,,,,,,,
BIG4 Gold Coast Holiday Park,Helensvale,QLD,BIG4,BIG4,big4.com.au,,,,,,,,,,,,Gold Coast
BIG4 Sandstone Point Holiday Resort,Sandstone Point,QLD,BIG4,BIG4,big4.com.au,,,,,,,,,,,,
BIG4 Mackay Blacks Beach,Mackay,QLD,BIG4,BIG4,big4.com.au,,,,,,,,,,,,
BIG4 Caloundra Waterfront,Caloundra,QLD,BIG4,BIG4,big4.com.au,,,,,,,,,,,,
BIG4 Maroochy River,Diddillibah,QLD,BIG4,BIG4,big4.com.au,,,,,,,,,,,,
BIG4 Noosa North Shore,Noosa North Shore,QLD,BIG4,BIG4,big4.com.au,,,,,,,,,,,,
BIG4 Rainbow Beach Holiday Park,Rainbow Beach,QLD,BIG4,BIG4,big4.com.au,,,,,,,,,,,,
BIG4 Adventure Whitsunday Resort,Cannonvale,QLD,BIG4,BIG4,big4.com.au,,,,,,,,,,,,
BIG4 Whitsunday Islands Holiday Park,Airlie Beach,QLD,BIG4,BIG4,big4.com.au,,,,,,,,,,,,
BIG4 Freedom Lifestyle Warwick,Warwick,QLD,BIG4,BIG4,big4.com.au,,,,,,,,,,,,
BIG4 Toowoomba Holiday Park,Toowoomba,QLD,BIG4,BIG4,big4.com.au,,,,,,,,,,,,
BIG4 Eco Resort Townsville,Black River,QLD,BIG4,BIG4,big4.com.au,,,,,,,,,,,,
BIG4 Lucinda Wanderers,Lucinda,QLD,BIG4,BIG4,big4.com.au,,,,,,,,,,,,
BIG4 Townsville Gateway,Townsville,QLD,BIG4,BIG4,big4.com.au,,,,,,,,,,,,
BIG4 Innisfail Mango Tree,Innisfail,QLD,BIG4,BIG4,big4.com.au,,,,,,,,,,,,
BIG4 Kurrimine Beach Holiday Park,Kurrimine Beach,QLD,BIG4,BIG4,big4.com.au,,,,,,,,,,,,
BIG4 Port Douglas Glengarry,Port Douglas,QLD,BIG4,BIG4,big4.com.au,,,,,,,,,,,,
BIG4 Cape Jervis Caravan Park,Cape Jervis,SA,BIG4,BIG4,big4.com.au,,,,,,,,,,,,
BIG4 Mount Compass Caravan Park,Mount Compass,SA,BIG4,BIG4,big4.com.au,,,,,,,,,,,,
BIG4 Normanville Jetty Holiday Park,Normanville,SA,BIG4,BIG4,big4.com.au,,,,,,,,,,,,
BIG4 Port Elliot Holiday Park,Port Elliot,SA,BIG4,BIG4,big4.com.au,,,,,,,,,,,,
BIG4 Port Willunga Tourist Park,Port Willunga,SA,BIG4,BIG4,big4.com.au,,,,,,,,,,,,
BIG4 Marion Holiday Park,Marion,SA,BIG4,BIG4,big4.com.au,,,,,,,,,,,,
BIG4 Blue Lake Holiday Park,Mount Gambier,SA,BIG4,BIG4,big4.com.au,,,,,,,,,,,,
BIG4 Echo Holiday Parks Naracoorte,Naracoorte,SA,BIG4,BIG4,big4.com.au,,,,,,,,,,,,
BIG4 Kingston Foreshore,Kingston SE,SA,BIG4,BIG4,big4.com.au,,,,,,,,,,,,
BIG4 Robe Lakeside Tourist Park,Robe,SA,BIG4,BIG4,big4.com.au,,,,,,,,,,,,
BIG4 Mannum Holiday Park,Mannum,SA,BIG4,BIG4,big4.com.au,,,,,,,,,,,,
BIG4 Murray Bridge Riverfront,Murray Bridge,SA,BIG4,BIG4,big4.com.au,,,,,,,,,,,,
BIG4 The Bend Holiday Park,Tailem Bend,SA,BIG4,BIG4,big4.com.au,,,,,,,,,,,,
BIG4 Berri Riverside Holiday Park,Berri,SA,BIG4,BIG4,big4.com.au,,,,,,,,,,,,
BIG4 Echo Holiday Parks Waikerie,Waikerie,SA,BIG4,BIG4,big4.com.au,,,,,,,,,,,,
BIG4 Loxton Riverfront,Loxton,SA,BIG4,BIG4,big4.com.au,,,,,,,,,,,,
BIG4 Barossa Tourist Park,Nuriootpa,SA,BIG4,BIG4,big4.com.au,,,,,,,,,,,,
BIG4 Port Hughes Holiday Park,Port Hughes,SA,BIG4,BIG4,big4.com.au,,,,,,,,,,,,
BIG4 Dongara Denison Beach,Port Denison,WA,BIG4,BIG4,big4.com.au,,,,,,,,,,,,
BIG4 Acclaim Prospector,Kalgoorlie,WA,BIG4,BIG4,big4.com.au,,,,,,,,,,,,
BIG4 Perth Midland Tourist Park,Hazelmere,WA,BIG4,BIG4,big4.com.au,,,,,,,,,,,,
BIG4 Breeze Holiday Parks Busselton,Busselton,WA,BIG4,BIG4,big4.com.au,,,,,,,,,,,,
BIG4 Bridgetown,Bridgetown,WA,BIG4,BIG4,big4.com.au,,,,,,,,,,,,
BIG4 Bunbury Riverside Holiday Park,Bunbury,WA,BIG4,BIG4,big4.com.au,,,,,,,,,,,,
BIG4 Denmark Ocean Beach,Denmark,WA,BIG4,BIG4,big4.com.au,,,,,,,,,,,,
BIG4 Dunsborough Southern Stars,Dunsborough,WA,BIG4,BIG4,big4.com.au,,,,,,,,,,,,
BIG4 Emu Beach Holiday Park,Emu Point,WA,BIG4,BIG4,big4.com.au,,,,,,,,,,,,
BIG4 Middleton Beach Holiday Park,Middleton Beach,WA,BIG4,BIG4,big4.com.au,,,,,,,,,,,,
BIG4 Tassie Getaway Parks Stanley,Stanley,TAS,BIG4,BIG4,big4.com.au,,,,,,,,,,,,
BIG4 Tassie Getaway Parks Ulverstone,Ulverstone,TAS,BIG4,BIG4,big4.com.au,,,,,,,,,,,,
BIG4 Iluka on Freycinet,Coles Bay,TAS,BIG4,BIG4,big4.com.au,,,,,,,,,,,,
BIG4 Hobart Airport Tourist Park,Cambridge,TAS,BIG4,BIG4,big4.com.au,,,,,,,,,,,,
BIG4 Kelso Sands,Kelso,TAS,BIG4,BIG4,big4.com.au,,,,,,,,,,,,
BIG4 Launceston Holiday Park,Hadspen,TAS,BIG4,BIG4,big4.com.au,,,,,,,,,,,,
BIG4 Low Head Tourist Park,Low Head,TAS,BIG4,BIG4,big4.com.au,,,,,,,,,,,,
BIG4 Tassie Getaway Parks St Helens,St Helens,TAS,BIG4,BIG4,big4.com.au,,,,,,,,,,,,
BIG4 Strahan Holiday Retreat,Strahan,TAS,BIG4,BIG4,big4.com.au,,,,,,,,,,,,
BIG4 Howard Springs Holiday Park,Howard Springs,NT,BIG4,BIG4,big4.com.au,,,,,,,,,,,,
BIG4 Breeze Holiday Parks Katherine,Katherine,NT,BIG4,BIG4,big4.com.au,,,,,,,,,,,,
Sunshine Coast Holiday Parks - Mudjimba,Mudjimba,QLD,Sunshine Coast Holiday Parks,Council,sunshinecoastholidayparks.com.au,,,,,,,,,,,,
Sunshine Coast Holiday Parks - Dicky Beach,Caloundra,QLD,Sunshine Coast Holiday Parks,Council,sunshinecoastholidayparks.com.au,,,,,,,,,,,,
Sunshine Coast Holiday Parks - Coolum Beach,Coolum Beach,QLD,Sunshine Coast Holiday Parks,Council,sunshinecoastholidayparks.com.au,,,,,,,,,,,,
Sunshine Coast Holiday Parks - Mooloolaba,Mooloolaba,QLD,Sunshine Coast Holiday Parks,Council,sunshinecoastholidayparks.com.au,,,,,,,,,,,,
Noosa River Holiday Park,Noosaville,QLD,Noosa River Holiday Parks,Council,,,,,,,,,,,,,
Lake Weyba Noosa Holiday Park,Noosaville,QLD,Noosa River Holiday Parks,Council,,,,,,,,,,,,,
Fraser Coast Holiday Parks - Scarness,Scarness,QLD,Fraser Coast Holiday Parks,Council,,,,,,,,,,,,,
Fraser Coast Holiday Parks - Torquay,Torquay,QLD,Fraser Coast Holiday Parks,Council,,,,,,,,,,,,,
Fraser Coast Holiday Parks - Happy Valley Pialba,Pialba,QLD,Fraser Coast Holiday Parks,Council,,,,,,,,,,,,,
Fraser Coast Holiday Parks - Point Vernon,Point Vernon,QLD,Fraser Coast Holiday Parks,Council,,,,,,,,,,,,,
Holiday Haven Ulladulla,Ulladulla,NSW,Holiday Haven (Shoalhaven),Council,holidayhaven.com.au,,,,,,,,,,,,
Holiday Haven Burrill Lake,Burrill Lake,NSW,Holiday Haven (Shoalhaven),Council,holidayhaven.com.au,,,,,,,,,,,,
Holiday Haven Huskisson,Huskisson,NSW,Holiday Haven (Shoalhaven),Council,holidayhaven.com.au,,,,,,,,,,,,
Holiday Haven Vincentia,Vincentia,NSW,Holiday Haven (Shoalhaven),Council,holidayhaven.com.au,,,,,,,,,,,,
Holiday Haven Bendalong,Bendalong,NSW,Holiday Haven (Shoalhaven),Council,holidayhaven.com.au,,,,,,,,,,,,
Holiday Haven Cudmirrah,Cudmirrah,NSW,Holiday Haven (Shoalhaven),Council,holidayhaven.com.au,,,,,,,,,,,,
Holiday Haven Conjola Park,Lake Conjola,NSW,Holiday Haven (Shoalhaven),Council,holidayhaven.com.au,,,,,,,,,,,,
Holiday Haven Orient Point,Orient Point,NSW,Holiday Haven (Shoalhaven),Council,holidayhaven.com.au,,,,,,,,,,,,
Kiama Blowhole Point Holiday Park,Kiama,NSW,Kiama Coast Holiday Parks,Council,kiama.com.au,,,,,,,,,,,,
Kiama Surf Beach Holiday Park,Kiama,NSW,Kiama Coast Holiday Parks,Council,kiama.com.au,,,,,,,,,,,,
Kendalls Beach Holiday Park,Kiama,NSW,Kiama Coast Holiday Parks,Council,kiama.com.au,,,,,,,,,,,,
Lake Mac Holiday Parks - Belmont Lakeside,Belmont,NSW,Lake Mac Holiday Parks,Council,lakemacholidayparks.com.au,,,,,,,,,,,,
Lake Mac Holiday Parks - Gwandalan,Gwandalan,NSW,Lake Mac Holiday Parks,Council,lakemacholidayparks.com.au,,,,,,,,,,,,
Lake Mac Holiday Parks - Nords Wharf,Nords Wharf,NSW,Lake Mac Holiday Parks,Council,lakemacholidayparks.com.au,,,,,,,,,,,,
Lake Mac Holiday Parks - Swansea Heads,Swansea Heads,NSW,Lake Mac Holiday Parks,Council,lakemacholidayparks.com.au,,,,,,,,,,,,
Lake Mac Holiday Parks - Toronto,Toronto,NSW,Lake Mac Holiday Parks,Council,lakemacholidayparks.com.au,,,,,,,,,,,,
West Beach Parks,West Beach,SA,West Beach Parks,Council,westbeachparks.com.au,,,,,,,,,,,,
Howqua Valley Holiday Park,High Country,VIC,G'Day Parks,GDay,https://gdayparks.com.au/parks/victoria/high-country/howqua-valley-holiday-park,,,,,,,,,,,,
Mansfield Lakeside Holiday Park,High Country,VIC,G'Day Parks,GDay,https://gdayparks.com.au/parks/victoria/high-country/lakeside-mansfield,,,,,,,,,,,,
Thornton Riverbend Holiday Park,High Country,VIC,G'Day Parks,GDay,https://gdayparks.com.au/parks/victoria/high-country/thornton-riverbend-holiday-park,,,,,,,,,,,,
Bonnie Doon Lakeside Leisure Resort,High Country,VIC,G'Day Parks,GDay,https://gdayparks.com.au/parks/victoria/high-country/bonnie-doon-lakeside-leisure-resort,,,,,,,,,,,,
Breakaway Twin Rivers Caravan Park,Acheron,VIC,G'Day Parks,GDay,https://gdayparks.com.au/parks/victoria/acheron/breakaway-twin-rivers-caravan-park,,,,,,,,,,,,
Yea Riverside Caravan Park,Yea,VIC,G'Day Parks,GDay,https://gdayparks.com.au/parks/victoria/yea/yea-riverside-caravan-park,,,,,,,,,,,,
Glen Cromie Reserve Caravan Park,Gippsland,VIC,G'Day Parks,GDay,https://gdayparks.com.au/parks/victoria/gippsland/glen-cromie-reserve-caravan-park,,,,,,,,,,,,
Lilydale Pine Hill Caravan Park,Yarra Valley and Dandenong Ranges,VIC,G'Day Parks,GDay,https://gdayparks.com.au/parks/victoria/yarra-valley-and-dandenong-ranges/lilydale-pine-hill-caravan-park,,,,,,,,,,,,
Porepunkah Pines Holiday Park,Bright - Porepunkah,VIC,G'Day Parks,GDay,https://gdayparks.com.au/parks/victoria/bright---porepunkah/porepunkah-pines-holiday-park,,,,,,,,,,,,
Bright Accommodation Park,High Country,VIC,G'Day Parks,GDay,https://gdayparks.com.au/parks/victoria/high-country/bright-accommodationpark,,,,,,,,,,,,
Benalla Tourist Park,High Country,VIC,G'Day Parks,GDay,https://gdayparks.com.au/parks/victoria/high-country/benalla-tourist-park,,,,,,,,,,,,
Myrtleford Holiday Park,Myrtleford,VIC,G'Day Parks,GDay,https://gdayparks.com.au/parks/victoria/myrtleford/myrtleford-holiday-park,,,,,,,,,,,,
Tawonga Tourist Park,High Country,VIC,G'Day Parks,GDay,https://gdayparks.com.au/parks/victoria/high-country/tawonga-tourist-park,,,,,,,,,,,,
Tarra Valley Retreat,Gippsland,VIC,G'Day Parks,GDay,https://gdayparks.com.au/parks/victoria/gippsland/tarra-valley-retreat,,,,,,,,,,,,
Wangaratta Caravan Park,High Country,VIC,G'Day Parks,GDay,https://gdayparks.com.au/parks/victoria/high-country/wangaratta-caravan-park-australia,,,,,,,,,,,,
Omeo Holiday Park,Lakes,VIC,G'Day Parks,GDay,https://gdayparks.com.au/parks/victoria/lakes/omeo-holiday-park,,,,,,,,,,,,
Beechworth Lake Sambell Caravan Park,Beechworth,VIC,G'Day Parks,GDay,https://gdayparks.com.au/parks/victoria/beechworth/beechworth-lake-sambell-caravan-park,,,,,,,,,,,,
Eldorado Caravan Park,High Country,VIC,G'Day Parks,GDay,https://gdayparks.com.au/parks/victoria/high-country/eldorado-caravan-park,,,,,,,,,,,,
Airport Tourist Village Melbourne,Melbourne,VIC,G'Day Parks,GDay,https://gdayparks.com.au/parks/victoria/melbourne/airport-tourist-village-melbourne,,,,,,,,,,,,
Yarram Holiday Park,Yarram,VIC,G'Day Parks,GDay,https://gdayparks.com.au/parks/victoria/yarram/yarram-holiday-park,,,,,,,,,,,,
Victoria Lake Holiday Park,Shepparton,VIC,G'Day Parks,GDay,https://gdayparks.com.au/parks/victoria/shepparton/victoria-lake-holiday-park,,,,,,,,,,,,
Lakes Bushland Caravan Park,Gippsland,VIC,G'Day Parks,GDay,https://gdayparks.com.au/parks/victoria/gippsland/lake-bushland-caravan-park,,,,,,,,,,,,
Toora Tourist Park,Toora Wilsons Promontory,VIC,G'Day Parks,GDay,https://gdayparks.com.au/parks/victoria/toora-wilsons-promontory/toora-tourist-park,,,,,,,,,,,,
Anchor Belle Holiday Park,Phillip Island - Cowes,VIC,G'Day Parks,GDay,https://gdayparks.com.au/parks/victoria/phillip-island---cowes/anchor-belle-holiday-park,,,,,,,,,,,,
Wodonga Caravan & Cabin Park,Wodonga,VIC,G'Day Parks,GDay,https://gdayparks.com.au/parks/victoria/wodonga/wodonga-caravan-and-cabin-park,,,,,,,,,,,,
Lakelands Caravan Park,Murray East,VIC,G'Day Parks,GDay,https://gdayparks.com.au/parks/victoria/murray-east/lakelands-caravan-park,,,,,,,,,,,,
"Discovery Parks - Lake Hume, Victoria",Murray East,VIC,G'Day Parks,GDay,https://gdayparks.com.au/parks/victoria/murray-east/lake-hume-victoria,,,,,,,,,,,,
Yarrawonga Riverlands Tourist Park,VIC Yarrawonga,VIC,G'Day Parks,GDay,https://gdayparks.com.au/parks/victoria/yarrawonga/yarrawonga-riverlands-tourist-park,,,,,,,,,,,,
North Arm Tourist Park,Lakes Entrance,VIC,G'Day Parks,GDay,https://gdayparks.com.au/parks/victoria/lakes-entrance/north-arm-tourist-park,,,,,,,,,,,,
Woodbine Tourist Park,Lakes Entrance,VIC,G'Day Parks,GDay,https://gdayparks.com.au/parks/victoria/lakes-entrance/woodbine-tourist-park,,,,,,,,,,,,
Dylene Holiday Park - Portarlington,Geelong and Bellarine,VIC,G'Day Parks,GDay,https://gdayparks.com.au/parks/victoria/geelong-and-bellarine/dylene-holiday-park-portarlington,,,,,,,,,,,,
Mingling Waters,Lakes,VIC,G'Day Parks,GDay,https://gdayparks.com.au/parks/victoria/lakes/mingling-waters,,,,,,,,,,,,
Kyabram Western Gums Tourist Park,Central Murray,VIC,G'Day Parks,GDay,https://gdayparks.com.au/parks/victoria/central-murray/kyabram-western-gums-tourist-park,,,,,,,,,,,,
Cobram Willows Caravan Park,Cobram,VIC,G'Day Parks,GDay,https://gdayparks.com.au/parks/victoria/cobram/cobram-willows-caravan-park,,,,,,,,,,,,
Gold Nugget Tourist Park,Bendigo,VIC,G'Day Parks,GDay,https://gdayparks.com.au/parks/victoria/bendigo/gold-nugget-tourist-park,,,,,,,,,,,,
Colac Colac Caravan Park,Corryong,VIC,G'Day Parks,GDay,https://gdayparks.com.au/parks/victoria/corryong/colac-colac-caravan-park,,,,,,,,,,,,
Torquay Foreshore Caravan Park,Torquay,VIC,G'Day Parks,GDay,https://gdayparks.com.au/parks/victoria/torquay/torquay-foreshore-caravan-park,,,,,,,,,,,,
Marlo Caravan Park and Motel,Lakes,VIC,G'Day Parks,GDay,https://gdayparks.com.au/parks/victoria/lakes/marlo-caravan-park-and-motel,,,,,,,,,,,,
Woodmans Hill Motel & Caravan Park,Ballarat,VIC,G'Day Parks,GDay,https://gdayparks.com.au/parks/victoria/ballarat/woodmans-hill-motel-and-caravan-park,,,,,,,,,,,,
Creswick Holiday Park,Spa Country,VIC,G'Day Parks,GDay,https://gdayparks.com.au/parks/victoria/spa-country/creswick-holiday-park,,,,,,,,,,,,
Eureka Stockade Holiday Park,Ballarat,VIC,G'Day Parks,GDay,https://gdayparks.com.au/parks/victoria/ballarat/eureka-stockade-holiday-park,,,,,,,,,,,,
Anglesea Family Caravan Park,Great Ocean Road,VIC,G'Day Parks,GDay,https://gdayparks.com.au/parks/victoria/great-ocean-road/anglesea-family-caravan-park,,,,,,,,,,,,
Lake Burrumbeet Caravan Park,Ballarat,VIC,G'Day Parks,GDay,https://gdayparks.com.au/parks/victoria/ballarat/lake-burrumbeet-caravan-park,,,,,,,,,,,,
Lorne Foreshore Caravan Park,Lorne,VIC,G'Day Parks,GDay,https://gdayparks.com.au/parks/victoria/lorne/lorne-foreshore-caravan-park,,,,,,,,,,,,
Kennett River Family Caravan Park,Kennett River,VIC,G'Day Parks,GDay,https://gdayparks.com.au/parks/victoria/kennett-river/kennett-river-family-caravan-park,,,,,,,,,,,,
Cohuna Waterfront Holiday Park,Cohuna,VIC,G'Day Parks,GDay,https://gdayparks.com.au/parks/victoria/cohuna/cohuna-waterfront-holiday-park,,,,,,,,,,,,
Forrest Holiday Park,Great Ocean Road,VIC,G'Day Parks,GDay,https://gdayparks.com.au/parks/victoria/great-ocean-road/forrest-holiday-park,,,,,,,,,,,,
Lake Colac Holiday Park,Great Ocean Road,VIC,G'Day Parks,GDay,https://gdayparks.com.au/parks/victoria/great-ocean-road/lake-colac-holiday-park,,,,,,,,,,,,
Apollo Bay Holiday Park,Apollo Bay,VIC,G'Day Parks,GDay,https://gdayparks.com.au/parks/victoria/apollo-bay/apollo-bay-holiday-park,,,,,,,,,,,,
Kerang Holiday Park,Mallee,VIC,G'Day Parks,GDay,https://gdayparks.com.au/parks/victoria/mallee/kerang-holiday-park,,,,,,,,,,,,
G'day Parks Ararat,Ararat,VIC,G'Day Parks,GDay,https://gdayparks.com.au/parks/victoria/ararat/gday-parks-ararat,,,,,,,,,,,,
Lake Boga Caravan Park,Lake Boga - Swan Hill,VIC,G'Day Parks,GDay,https://gdayparks.com.au/parks/victoria/lake-boga---swan-hill/lake-boga-caravan-park,,,,,,,,,,,,
Lake Fyans Holiday Park,Grampians,VIC,G'Day Parks,GDay,https://gdayparks.com.au/parks/victoria/grampians/lake-fyans-holiday-park,,,,,,,,,,,,
Great Ocean Road Tourist Park,Great Ocean Road,VIC,G'Day Parks,GDay,https://gdayparks.com.au/parks/victoria/great-ocean-road/great-ocean-road-tourist-park,,,,,,,,,,,,
Halls Gap Lakeside Tourist Park,Halls Gap - Grampians,VIC,G'Day Parks,GDay,https://gdayparks.com.au/parks/victoria/halls-gap---grampians/halls-gap-lakeside-tourist-park,,,,,,,,,,,,
Central Warrnambool Holiday Park and Motel,Warrnambool,VIC,G'Day Parks,GDay,https://gdayparks.com.au/parks/victoria/warrnambool/warrnambool-holiday-park-and-motel,,,,,,,,,,,,
Capital Country Holiday Park,Canberra,ACT,G'Day Parks,GDay,https://gdayparks.com.au/parks/australian-capital-territory/canberra/capital-country-holiday-park,,,,,,,,,,,,
Horsham Holiday Park,Horsham,VIC,G'Day Parks,GDay,https://gdayparks.com.au/parks/victoria/horsham/horsham-holiday-park,,,,,,,,,,,,
Horsham Riverside Caravan Park,Horsham,VIC,G'Day Parks,GDay,https://gdayparks.com.au/parks/victoria/horsham/horsham-riverside-caravan-park,,,,,,,,,,,,
Port Fairy Holiday Park,Port Fairy,VIC,G'Day Parks,GDay,https://gdayparks.com.au/parks/victoria/port-fairy/port-fairy-holiday-park,,,,,,,,,,,,
Lake Hamilton Motor Village & Caravan Park,Hamilton,VIC,G'Day Parks,GDay,https://gdayparks.com.au/parks/victoria/hamilton/lake-hamilton-motor-village-and-caravan-park,,,,,,,,,,,,
Beauty Point Tourist Park,Launceston-Tamar Valley,TAS,G'Day Parks,GDay,https://gdayparks.com.au/parks/tasmania/launceston-tamar-valley/beauty-point-tourist-park,,,,,,,,,,,,
Portland Tourist Park,Portland,VIC,G'Day Parks,GDay,https://gdayparks.com.au/parks/victoria/portland/portland-tourist-park,,,,,,,,,,,,
Discovery Resorts - Cradle Mountain,North West,TAS,G'Day Parks,GDay,https://gdayparks.com.au/parks/tasmania/north-west/cradle-mountain,,,,,,,,,,,,
Penola Coonawarra Caravan Park,Limestone Coast,SA,G'Day Parks,GDay,https://gdayparks.com.au/parks/south-australia/limestone-coast/penola-coonawarra-caravan-park,,,,,,,,,,,,
Scamander Sanctuary Holiday Park,East Coast,TAS,G'Day Parks,GDay,https://gdayparks.com.au/parks/tasmania/east-coast/scamander-sanctuary-holiday-park,,,,,,,,,,,,
Pine Country Caravan Park,Mount Gambier,SA,G'Day Parks,GDay,https://gdayparks.com.au/parks/south-australia/mount-gambier/pine-country-caravan-park,,,,,,,,,,,,
All Seasons Holiday Park,Mildura,VIC,G'Day Parks,GDay,https://gdayparks.com.au/parks/victoria/mildura/all-seasons-holiday-park,,,,,,,,,,,,
"Discovery Parks - Mildura, Buronga Riverside",VIC Mallee,VIC,G'Day Parks,GDay,https://gdayparks.com.au/parks/victoria/mallee/mildura-buronga-riverside,,,,,,,,,,,,
Padthaway Caravan Park,Limestone Coast,SA,G'Day Parks,GDay,https://gdayparks.com.au/parks/south-australia/limestone-coast/padthaway-caravan-park,,,,,,,,,,,,
Millicent Lakeside Caravan Park,Limestone Coast,SA,G'Day Parks,GDay,https://gdayparks.com.au/parks/south-australia/limestone-coast/millicent-lakeside-caravan-park,,,,,,,,,,,,
Strahan Beach Tourist Park,West Coast,TAS,G'Day Parks,GDay,https://gdayparks.com.au/parks/tasmania/west-coast/strahan-beach-tourist-park,,,,,,,,,,,,
Beachport Caravan Park,Limestone Coast,SA,G'Day Parks,GDay,https://gdayparks.com.au/parks/south-australia/limestone-coast/beachport-caravan-park,,,,,,,,,,,,
Robe Holiday Park,Limestone Coast,SA,G'Day Parks,GDay,https://gdayparks.com.au/parks/south-australia/limestone-coast/robe-holiday-park,,,,,,,,,,,,
Robe Lakeside Tourist Park,Robe,SA,G'Day Parks,GDay,https://gdayparks.com.au/parks/south-australia/robe/robe-lakeside-tourist-park,,,,,,,,,,,,
Cape Jaffa Holiday Park,Limestone Coast,SA,G'Day Parks,GDay,https://gdayparks.com.au/parks/south-australia/limestone-coast/cape-jaffa-holiday-park,,,,,,,,,,,,
Cobdogla Station Caravan Park,Riverland,SA,G'Day Parks,GDay,https://gdayparks.com.au/parks/south-australia/riverland/cobdogla-station-caravan-park,,,,,,,,,,,,
Avoca Dell Caravan Park,Murray Bridge,SA,G'Day Parks,GDay,https://gdayparks.com.au/parks/south-australia/murray-bridge/avoca-dell-caravan-park,,,,,,,,,,,,
Discovery Resorts - McCracken Resort,Fleurieu Peninsula,SA,G'Day Parks,GDay,https://gdayparks.com.au/parks/south-australia/fleurieu-peninsula/mccracken-resort,,,,,,,,,,,,
Discovery Parks - Hahndorf,SA Adelaide Hills,SA,G'Day Parks,GDay,https://gdayparks.com.au/parks/south-australia/adelaide-hills/hahndorf-resort,,,,,,,,,,,,
Belair National Park Holiday Park,SA Adelaide Hills,SA,G'Day Parks,GDay,https://gdayparks.com.au/parks/south-australia/adelaide-hills/belair-national-park-holiday-park,,,,,,,,,,,,
McLaren Vale Cabin & Caravan Park,SA McLaren Vale,SA,G'Day Parks,GDay,https://gdayparks.com.au/parks/south-australia/mclaren-vale/mclaren-vale-cabin-and-caravan-park,,,,,,,,,,,,
Adelaide Brownhill Creek Tourist Park,SA Adelaide,SA,G'Day Parks,GDay,https://gdayparks.com.au/parks/south-australia/adelaide/brownhill-creek-tourist-park,,,,,,,,,,,,
Moana Beach Tourist Park,SA Adelaide South - Moana Beach,SA,G'Day Parks,GDay,https://gdayparks.com.au/parks/south-australia/adelaide-south---moana-beach/moana-beach-tourist-park,,,,,,,,,,,,
Levi Adelaide Holiday Park,SA Adelaide,SA,G'Day Parks,GDay,https://gdayparks.com.au/parks/south-australia/adelaide/levi-adelaide-holiday-park,,,,,,,,,,,,
Christies Beach Tourist Park,SA Adelaide South Christies Beach,SA,G'Day Parks,GDay,https://gdayparks.com.au/parks/south-australia/adelaide-south-christies-beach/christies-beach-tourist-park,,,,,,,,,,,,
Gawler Caravan Park,SA Gawler,SA,G'Day Parks,GDay,https://gdayparks.com.au/parks/south-australia/gawler/gawler-caravan-park,,,,,,,,,,,,
Kangaroo Island Cabins,SA Kangaroo Island,SA,G'Day Parks,GDay,https://gdayparks.com.au/parks/south-australia/kangaroo-island/kangaroo-island-cabins,,,,,,,,,,,,
Edithburgh Caravan Park,SA Yorke Peninsula,SA,G'Day Parks,GDay,https://gdayparks.com.au/parks/south-australia/yorke-peninsula/edithburgh-caravan-park,,,,,,,,,,,,
Stansbury Caravan Park,SA Yorke Peninsula,SA,G'Day Parks,GDay,https://gdayparks.com.au/parks/south-australia/yorke-peninsula/stansbury-caravan-park,,,,,,,,,,,,
Ardrossan Caravan Park,SA Ardrossan,SA,G'Day Parks,GDay,https://gdayparks.com.au/parks/south-australia/ardrossan/ardrossan-caravan-park,,,,,,,,,,,,
The Park Jamestown,SA Flinders Ranges and Outback,SA,G'Day Parks,GDay,https://gdayparks.com.au/parks/south-australia/flinders-ranges-and-outback/the-park-jamestown,,,,,,,,,,,,
Port Broughton Tourist Park,SA Yorke Peninsula,SA,G'Day Parks,GDay,https://gdayparks.com.au/parks/south-australia/yorke-peninsula/port-broughton-tourist-park,,,,,,,,,,,,
Wallaroo Holiday Park,SA Yorke Peninsula,SA,G'Day Parks,GDay,https://gdayparks.com.au/parks/south-australia/yorke-peninsula/wallaroo-holiday-park,,,,,,,,,,,,
Wallaroo Beachfront Tourist Park,SA Wallaroo - Yorke Peninsula,SA,G'Day Parks,GDay,https://gdayparks.com.au/parks/south-australia/wallaroo---yorke-peninsula/wallaroo-beachfront-tourist-park,,,,,,,,,,,,
Melrose Caravan Park,SA Flinders Ranges and Outback,SA,G'Day Parks,GDay,https://gdayparks.com.au/parks/south-australia/flinders-ranges-and-outback/melrose-caravan-park,,,,,,,,,,,,
Spear Creek Holiday Park,SA Flinders Ranges and Outback,SA,G'Day Parks,GDay,https://gdayparks.com.au/parks/south-australia/flinders-ranges-and-outback/spear-creek-holiday-park,,,,,,,,,,,,
Hawker Caravan Park,SA Flinders Ranges,SA,G'Day Parks,GDay,https://gdayparks.com.au/parks/south-australia/flinders-ranges/hawker-caravan-park,,,,,,,,,,,,
Shoreline Caravan Park,SA Port Augusta,SA,G'Day Parks,GDay,https://gdayparks.com.au/parks/south-australia/port-augusta/shoreline-caravan-park,,,,,,,,,,,,
Tumby Bay Caravan Park,SA Tumby Bay,SA,G'Day Parks,GDay,https://gdayparks.com.au/parks/south-australia/tumby-bay/tumby-bay-caravan-park,,,,,,,,,,,,
Port Lincoln Tourist Park,SA Port Lincoln,SA,G'Day Parks,GDay,https://gdayparks.com.au/parks/south-australia/port-lincoln/port-lincoln-tourist-park,,,,,,,,,,,,
Cunnamulla Tourist Park,QLD Cunnamulla,QLD,G'Day Parks,GDay,https://gdayparks.com.au/parks/queensland/cunnamulla/cunnamulla-tourist-park,,,,,,,,,,,,
Goondiwindi Tourist Park,QLD Goondiwindi,QLD,G'Day Parks,GDay,https://gdayparks.com.au/parks/queensland/goondiwindi/goondiwindi-top-tourist-park,,,,,,,,,,,,
Goondiwindi Holiday Park,QLD Goondiwindi,QLD,G'Day Parks,GDay,https://gdayparks.com.au/parks/queensland/goondiwindi/goondiwindi-holiday-park,,,,,,,,,,,,
Pelican Rest Tourist Park,QLD St George,QLD,G'Day Parks,GDay,https://gdayparks.com.au/parks/queensland/st-george/pelican-rest-tourist-park,,,,,,,,,,,,
Stanthorpe Top Of The Town Tourist Park,QLD Stanthorpe,QLD,G'Day Parks,GDay,https://gdayparks.com.au/parks/queensland/stanthorpe/stanthorpe-top-of-the-town-tourist-park,,,,,,,,,,,,
Elliston Waterloo Bay Tourist Park,SA Eyre Peninsula,SA,G'Day Parks,GDay,https://gdayparks.com.au/parks/south-australia/eyre-peninsula/elliston-waterloo-bay-tourist-park,,,,,,,,,,,,
Venus Bay Beachfront Tourist Park,SA Venus Bay,SA,G'Day Parks,GDay,https://gdayparks.com.au/parks/south-australia/venus-bay/venus-bay-beachfront-tourist-park,,,,,,,,,,,,
Bailey Bar Caravan Park,QLD Charleville,QLD,G'Day Parks,GDay,https://gdayparks.com.au/parks/queensland/charleville/bailey-bar-caravan-park,,,,,,,,,,,,
Roma Big Rig Tourist Park,QLD Roma,QLD,G'Day Parks,GDay,https://gdayparks.com.au/parks/queensland/roma/roma-big-rig-tourist-park,,,,,,,,,,,,
Nobby Beach Holiday Village,QLD Gold Coast,QLD,G'Day Parks,GDay,https://gdayparks.com.au/parks/queensland/gold-coast/nobby-beach-holiday-village,,,,,,,,,,,,Gold Coast
Ashmore Palms Holiday Village,QLD Gold Coast,QLD,G'Day Parks,GDay,https://gdayparks.com.au/parks/queensland/gold-coast/ashmore-palms-holiday-village,,,,,,,,,,,,
Paradise Country Farmstay,QLD Gold Coast,QLD,G'Day Parks,GDay,https://gdayparks.com.au/parks/queensland/gold-coast/paradise-country-farmstay,,,,,,,,,,,,
Brisbane Holiday Village,QLD Brisbane - Eight Mile Plains,QLD,G'Day Parks,GDay,https://gdayparks.com.au/parks/queensland/brisbane---eight-mile-plains/brisbane-holiday-village,,,,,,,,,,,,
Yarraman Caravan Park and Cabins,QLD Yarraman,QLD,G'Day Parks,GDay,https://gdayparks.com.au/parks/queensland/yarraman/yarraman-caravan-park,,,,,,,,,,,,
Alex Beach Cabins and Tourist Park,QLD Alexandra Headland - Sunshine Coast,QLD,G'Day Parks,GDay,https://gdayparks.com.au/parks/queensland/alexandra-headland---sunshine-coast/alex-beach-cabins-and-tourist-park,,,,,,,,,,,,
Standown Park,QLD Sunshine Coast,QLD,G'Day Parks,GDay,https://gdayparks.com.au/parks/queensland/sunshine-coast/standown-park,,,,,,,,,,,,
Opal Inn Caravan Park,SA Coober Pedy,SA,G'Day Parks,GDay,https://gdayparks.com.au/parks/south-australia/coober-pedy/opal-inn-caravan-park,,,,,,,,,,,,
Tin Can Bay Tourist Park,QLD Tin Can Bay,QLD,G'Day Parks,GDay,https://gdayparks.com.au/parks/queensland/tin-can-bay/tin-can-bay-tourist-park,,,,,,,,,,,,
Rainbow Beach Holiday Village,QLD Rainbow Beach,QLD,G'Day Parks,GDay,https://gdayparks.com.au/parks/queensland/rainbow-beach/rainbow-beach-holiday-village,,,,,,,,,,,,
Burrum Shores Beachfront Campground,QLD Fraser Coast,QLD,G'Day Parks,GDay,https://gdayparks.com.au/parks/queensland/fraser-coast/burrum-shores-beachfront-campground,,,,,,,,,,,,
Fraser Coast Holiday Park,QLD Hervey Bay,QLD,G'Day Parks,GDay,https://gdayparks.com.au/parks/queensland/hervey-bay/fraser-coast-holiday-park,,,,,,,,,,,,
"Discovery Parks - Fraser Street, Hervey Bay",QLD Fraser Coast,QLD,G'Day Parks,GDay,https://gdayparks.com.au/parks/queensland/fraser-coast/fraser-street-hervey-bay,,,,,,,,,,,,
Hervey Bay Caravan Park,QLD Fraser Coast,QLD,G'Day Parks,GDay,https://gdayparks.com.au/parks/queensland/fraser-coast/hervey-bay-caravan-park,,,,,,,,,,,,
Splitters Farm,QLD Bundaberg,QLD,G'Day Parks,GDay,https://gdayparks.com.au/parks/queensland/bundaberg/splitters-farm,,,,,,,,,,,,
Emerald Cabin and Caravan Village,QLD Central Highlands,QLD,G'Day Parks,GDay,https://gdayparks.com.au/parks/queensland/central-highlands/emerald-cabin-and-caravan-village,,,,,,,,,,,,
1770 Holiday Village,QLD Seventeen Seventy 1770,QLD,G'Day Parks,GDay,https://gdayparks.com.au/parks/queensland/seventeen-seventy-1770/captain-cook-holiday-village,,,,,,,,,,,,
Outback Pioneers,QLD Outback,QLD,G'Day Parks,GDay,https://gdayparks.com.au/parks/queensland/outback-queensland/outback-pioneers,,,,,,,,,,,,
Southside Holiday Village,QLD Rockhampton,QLD,G'Day Parks,GDay,https://gdayparks.com.au/parks/queensland/rockhampton/southside-holiday-village,,,,,,,,,,,,
Keppel Sands Caravan Park,QLD Capricorn Coast,QLD,G'Day Parks,GDay,https://gdayparks.com.au/parks/queensland/capricorn-coast/keppel-sands-caravan-park,,,,,,,,,,,,
Tasman Holiday Parks - Fisherman’s Beach,QLD Emu Park,QLD,G'Day Parks,GDay,https://gdayparks.com.au/parks/queensland/emu-park/fishermans-beach-holiday-park,,,,,,,,,,,,
"Discovery Parks - Coolwaters, Yeppoon",QLD Capricorn,QLD,G'Day Parks,GDay,https://gdayparks.com.au/parks/queensland/capricorn/coolwaters-yeppoon,,,,,,,,,,,,
Charters Towers Tourist Park,QLD Charters Towers,QLD,G'Day Parks,GDay,https://gdayparks.com.au/parks/queensland/charters-towers/charters-towers-tourist-park,,,,,,,,,,,,
Wintersun Cabin and Caravan Park,NT Alice Springs,NT,G'Day Parks,GDay,https://gdayparks.com.au/parks/northern-territory/alice-springs/wintersun-cabin-and-caravan-park,,,,,,,,,,,,
Bowen Holiday Park,QLD Bowen - Whitsundays,QLD,G'Day Parks,GDay,https://gdayparks.com.au/parks/queensland/bowen---whitsundays/bowen-holiday-park,,,,,,,,,,,,
Sunset Tourist Park,QLD Mount Isa,QLD,G'Day Parks,GDay,https://gdayparks.com.au/parks/queensland/mount-isa/sunset-top-tourist-park,,,,,,,,,,,,
Discovery Resorts - Glen Helen,NT MacDonnell,NT,G'Day Parks,GDay,https://gdayparks.com.au/parks/northern-territory/macdonnell/glen-helen,,,,,,,,,,,,
Townsville Tourist & Lifestyle Village,QLD Townsville,QLD,G'Day Parks,GDay,https://gdayparks.com.au/parks/queensland/townsville/townsville-tourist-and-lifestyle-village,,,,,,,,,,,,
Coral Coast Tourist Park,QLD Townsville,QLD,G'Day Parks,GDay,https://gdayparks.com.au/parks/queensland/townsville/coral-coast-tourist-park,,,,,,,,,,,,
Ingham Tourist Park,QLD Cairns,QLD,G'Day Parks,GDay,https://gdayparks.com.au/parks/queensland/cairns/ingham-tourist-park,,,,,,,,,,,,
Kookaburra Holiday Park,QLD Tropical North,QLD,G'Day Parks,GDay,https://gdayparks.com.au/parks/queensland/tropical-north-queensland/kookaburra-holiday-park,,,,,,,,,,,,
Discovery Resorts - Undara,QLD Tropical North,QLD,G'Day Parks,GDay,https://gdayparks.com.au/parks/queensland/tropical-north/undara-experience,,,,,,,,,,,,
Mission Beach Hideaway Holiday Village,QLD Mission Beach,QLD,G'Day Parks,GDay,https://gdayparks.com.au/parks/queensland/mission-beach/mission-beach-hideaway-holiday-village,,,,,,,,,,,,
King Reef Resort,QLD Kurrimine Beach,QLD,G'Day Parks,GDay,https://gdayparks.com.au/parks/queensland/kurrimine-beach/king-reef-resort,,,,,,,,,,,,
Esperance Pink Lake Tourist Park,WA Esperance,WA,G'Day Parks,GDay,https://gdayparks.com.au/parks/western-australia/esperance/esperance-pink-lake-tourist-park,,,,,,,,,,,,
Tirranna Springs Roadhouse,QLD Tropical North,QLD,G'Day Parks,GDay,https://gdayparks.com.au/parks/queensland/tropical-north/tirranna-springs-roadhouse,,,,,,,,,,,,
First City Caravilla,QLD Cairns City,QLD,G'Day Parks,GDay,https://gdayparks.com.au/parks/queensland/cairns-city/first-city-caravilla,,,,,,,,,,,,
Crystal Cascades Holiday Park,QLD Cairns,QLD,G'Day Parks,GDay,https://gdayparks.com.au/parks/queensland/cairns/crystal-cascades-holiday-park,,,,,,,,,,,,
Lake Placid Rainforest Retreat,QLD Cairns,QLD,G'Day Parks,GDay,https://gdayparks.com.au/parks/queensland/cairns/lake-placid-tourist-park,,,,,,,,,,,,
Hopetoun Beachside Caravan Park,WA South West,WA,G'Day Parks,GDay,https://gdayparks.com.au/parks/western-australia/south-west/hopetoun-beachside-caravan-park,,,,,,,,,,,,
Cooktown Holiday Park,QLD Cooktown,QLD,G'Day Parks,GDay,https://gdayparks.com.au/parks/queensland/cooktown/cooktown-holiday-park,,,,,,,,,,,,
Cheynes Beach Caravan Park,WA Cheynes Beach - Albany,WA,G'Day Parks,GDay,https://gdayparks.com.au/parks/western-australia/cheynes-beach---albany/cheynes-beach-caravan-park,,,,,,,,,,,,
Acclaim Albany Holiday Park,WA South West,WA,G'Day Parks,GDay,https://gdayparks.com.au/parks/western-australia/south-west/acclaim-albany-holiday-park,,,,,,,,,,,,
Kojonup Caravan Park,WA South West,WA,G'Day Parks,GDay,https://gdayparks.com.au/parks/western-australia/south-west/kojonup-caravan-park,,,,,,,,,,,,
Coalmine Beach Holiday Park,WA Walpole,WA,G'Day Parks,GDay,https://gdayparks.com.au/parks/western-australia/walpole/coalmine-beach-holiday-park,,,,,,,,,,,,
Fontys Pool & Caravan Park,WA South West,WA,G'Day Parks,GDay,https://gdayparks.com.au/parks/western-australia/south-west/fontys-pool-and-caravan-park,,,,,,,,,,,,
Larrimah Wayside Inn,NT Katherine Daly,NT,G'Day Parks,GDay,https://gdayparks.com.au/parks/northern-territory/katherine-daly/larrimah-wayside-inn-caravan-park,,,,,,,,,,,,
Collie Tourist Park,WA South West,WA,G'Day Parks,GDay,https://gdayparks.com.au/parks/western-australia/south-west/collie-river-valley-tourist-park,,,,,,,,,,,,
Lake Brockman Tourist Park,WA Harvey,WA,G'Day Parks,GDay,https://gdayparks.com.au/parks/western-australia/harvey/lake-brockman-tourist-park,,,,,,,,,,,,
Dwellingup Chalet and Caravan Park,WA South West,WA,G'Day Parks,GDay,https://gdayparks.com.au/parks/western-australia/south-west/dwellingup-chalet-and-caravan-park,,,,,,,,,,,,
Lake Navarino Holiday Park,WA South West,WA,G'Day Parks,GDay,https://gdayparks.com.au/parks/western-australia/south-west/lake-navarino-holiday-park,,,,,,,,,,,,
Bunbury Glade Caravan Park,WA Bunbury,WA,G'Day Parks,GDay,https://gdayparks.com.au/parks/western-australia/bunbury/bunbury-glade-caravan-park,,,,,,,,,,,,
Mandurah Caravan & Tourist Park,WA Mandurah,WA,G'Day Parks,GDay,https://gdayparks.com.au/parks/western-australia/mandurah/mandurah-caravan-and-tourist-park,,,,,,,,,,,,
Banksia Tourist Park,WA Perth,WA,G'Day Parks,GDay,https://gdayparks.com.au/parks/western-australia/perth/banksia-tourist-park,,,,,,,,,,,,
Mandurah Twin Waters Caravan Park,WA Dawesville,WA,G'Day Parks,GDay,https://gdayparks.com.au/parks/western-australia/dawesville/twin-waters-caravan-park,,,,,,,,,,,,
Fremantle Village,WA Fremantle,WA,G'Day Parks,GDay,https://gdayparks.com.au/parks/western-australia/fremantle/fremantle-village,,,,,,,,,,,,
Gracetown Caravan Park,WA Margaret River - Gracetown,WA,G'Day Parks,GDay,https://gdayparks.com.au/parks/western-australia/margaret-river---gracetown/gracetown-caravan-park,,,,,,,,,,,,
Karrinyup Waters Resort,WA Perth,WA,G'Day Parks,GDay,https://gdayparks.com.au/parks/western-australia/perth/karrinyup-waters-resort,,,,,,,,,,,,
Riverview Tourist Village,NT Katherine,NT,G'Day Parks,GDay,https://gdayparks.com.au/parks/northern-territory/katherine/riverview-tourist-village,,,,,,,,,,,,
Experience Lancelin Holiday Park,WA Lancelin,WA,G'Day Parks,GDay,https://gdayparks.com.au/parks/western-australia/lancelin/experience-lancelin-holiday-park,,,,,,,,,,,,
Kimberleyland Waterfront Holiday Park,WA Kununurra,WA,G'Day Parks,GDay,https://gdayparks.com.au/parks/western-australia/kununurra/kimberleyland-holiday-park,,,,,,,,,,,,
Dongara Tourist Park,WA Dongara Port Denison,WA,G'Day Parks,GDay,https://gdayparks.com.au/parks/western-australia/dongara-port-denison/dongara-tourist-park,,,,,,,,,,,,
Seaspray Beach Holiday Park,WA Dongara Port Denison,WA,G'Day Parks,GDay,https://gdayparks.com.au/parks/western-australia/dongara-port-denison/seaspray-beach-holiday-park,,,,,,,,,,,,
Sunset Beach Holiday Park,WA Geraldton,WA,G'Day Parks,GDay,https://gdayparks.com.au/parks/western-australia/geraldton/sunset-beach-holiday-park,,,,,,,,,,,,
Belair Gardens Caravan Park,WA Geraldton,WA,G'Day Parks,GDay,https://gdayparks.com.au/parks/western-australia/geraldton/belair-gardens-caravan-park,,,,,,,,,,,,
Litchfield Tourist Park,NT Litchfield,NT,G'Day Parks,GDay,https://gdayparks.com.au/parks/northern-territory/litchfield/litchfield-tourist-park,,,,,,,,,,,,
AAOK Lakes Resort & Caravan Park,NT Litchfield Kakadu Arnhem,NT,G'Day Parks,GDay,https://gdayparks.com.au/parks/northern-territory/litchfield-kakadu-arnhem/aaok-lakes-resort-and-caravan-park,,,,,,,,,,,,
Port Gregory Caravan Park,WA Gregory,WA,G'Day Parks,GDay,https://gdayparks.com.au/parks/western-australia/gregory/port-gregory-caravan-park,,,,,,,,,,,,
Dundee Beach Holiday Park,Dundee Beach,NT,G'Day Parks,GDay,https://gdayparks.com.au/parks/northern-territory/dundee-beach/dundee-beach-holiday-park,,,,,,,,,,,,
Kalbarri Tudor Holiday Park,Kalbarri,WA,G'Day Parks,GDay,https://gdayparks.com.au/parks/western-australia/kalbarri/kalbarri-tudor-holiday-park,,,,,,,,,,,,
Capricorn Holiday Park,Carnarvon,WA,G'Day Parks,GDay,https://gdayparks.com.au/parks/western-australia/carnarvon/capricorn-holiday-park,,,,,,,,,,,,
"Discovery Parks - Pilbara, Karratha",North West,WA,G'Day Parks,GDay,https://gdayparks.com.au/parks/western-australia/north-west/pilbara-karratha,,,,,,,,,,,,
Discovery Parks - Discovery Parks - Lake Tinaroo,QLD Tropical North,QLD,G'Day Parks,GDay,https://gdayparks.com.au/parks/queensland/tropical-north/lake-tinaroo,,,,,,,,,,,,
Acacia Hills Caravan Park,Acacia Hills,NT,Kui Parks,Kui,https://kuiparks.com.au/parks/acacia-hills-caravan-park,,,,,,,,,,,,
Apex Riverbeach Holiday Park,Holiday Mildura,VIC,Kui Parks,Kui,https://kuiparks.com.au/parks/apex-riverbeach-holiday-park,,,,,,,,,,,,
Barambah Bush Caravan and Camping Park,Acres Murgon,QLD,Kui Parks,Kui,https://kuiparks.com.au/parks/barambah-bush-caravan-and-camping-park,,,,,,,,,,,,
Beach Park Tourist Caravan Park,Phillip Island,VIC,Kui Parks,Kui,https://kuiparks.com.au/parks/beach-park-tourist-caravan-park,,,,,,,,,,,,
Blacksmith Beachside Holiday Park,,NSW,Kui Parks,Kui,https://kuiparks.com.au/parks/blacksmith-beachside-holiday-park,,,,,,,,,,,,
Coonamble Riverside Holiday Park,,NSW,Kui Parks,Kui,https://kuiparks.com.au/parks/coonamble-riverside-holiday-park,,,,,,,,,,,,
Coraki Riverside Caravan Park,Coraki,NSW,Kui Parks,Kui,https://kuiparks.com.au/parks/coraki-riverside-caravan-park,,,,,,,,,,,,
Country Road Caravan Park,hospitality Uralla,NSW,Kui Parks,Kui,https://kuiparks.com.au/parks/country-road-caravan-park,,,,,,,,,,,,
Crystal Creek Caravan Park,Await! Mutarnee,QLD,Kui Parks,Kui,https://kuiparks.com.au/parks/crystal-creek-caravan-park,,,,,,,,,,,,
Dalmeny Campground,,NSW,Kui Parks,Kui,https://kuiparks.com.au/parks/dalmeny-campground,,,,,,,,,,,,
Diamond Waters Caravan Park,River Dunbogan,NSW,Kui Parks,Kui,https://kuiparks.com.au/parks/diamond-waters-caravan-park,,,,,,,,,,,,
Drummond Cove Holiday Park,"Buller, Geraldton",WA,Kui Parks,Kui,https://kuiparks.com.au/parks/drummond-cove-holiday-park,,,,,,,,,,,,
Edenhope Lakeside Tourist Park,Cheers! Edenhope,VIC,Kui Parks,Kui,https://kuiparks.com.au/parks/edenhope-lakeside-tourist-park,,,,,,,,,,,,
Four Seasons Holiday Park,setting Busselton,WA,Kui Parks,Kui,https://kuiparks.com.au/parks/four-seasons-holiday-park-0,,,,,,,,,,,,
Gogeldrie Riverside Park,Serenity! Gogeldrie,NSW,Kui Parks,Kui,https://kuiparks.com.au/parks/gogeldrie-riverside-park,,,,,,,,,,,,
Harbour View Caravan Park,Comfort! Cowell,SA,Kui Parks,Kui,https://kuiparks.com.au/parks/harbour-view-caravan-park,,,,,,,,,,,,
Holbrook Motor Village,Surprised! Holbrook,NSW,Kui Parks,Kui,https://kuiparks.com.au/parks/holbrook-motor-village,,,,,,,,,,,,
Inverell Caravan Park,Park Inverell,NSW,Kui Parks,Kui,https://kuiparks.com.au/parks/inverell-caravan-park,,,,,,,,,,,,
Khancoban Lakeside Caravan Park,Winter! Khancoban,NSW,Kui Parks,Kui,https://kuiparks.com.au/parks/khancoban-lakeside-caravan-park,,,,,,,,,,,,
Kingston-on-Murray Caravan Park,on Murray,SA,Kui Parks,Kui,https://kuiparks.com.au/parks/kingston-on-murray-caravan-park,,,,,,,,,,,,
Lake Leslie Tourist Park,Leslie Dam,QLD,Kui Parks,Kui,https://kuiparks.com.au/parks/lake-leslie-tourist-park,,,,,,,,,,,,
Maaroom Caravan Park,unwind Maaroom,QLD,Kui Parks,Kui,https://kuiparks.com.au/parks/maaroom-caravan-park,,,,,,,,,,,,
Manjimup Central Caravan Park,"Street, MANJIMUP",WA,Kui Parks,Kui,https://kuiparks.com.au/parks/manjimup-central-caravan-park,,,,,,,,,,,,
Melrose Caravan and Tourist Park,Experience Melrose,SA,Kui Parks,Kui,https://kuiparks.com.au/parks/melrose-caravan-tourist-park,,,,,,,,,,,,
Minlaton Caravan Park,Peninsula Minlaton,SA,Kui Parks,Kui,https://kuiparks.com.au/parks/minlaton-caravan-park,,,,,,,,,,,,
Monto Caravan and Cabin Park,Gorge Monto,QLD,Kui Parks,Kui,https://kuiparks.com.au/parks/monto-caravan-and-cabin-park,,,,,,,,,,,,
Moruya North Head Campground,,NSW,Kui Parks,Kui,https://kuiparks.com.au/parks/moruya-north-head-campground,,,,,,,,,,,,
Mount Gambier Central Caravan Park,Mount Gambier,SA,Kui Parks,Kui,https://kuiparks.com.au/parks/mount-gambier-central-caravan-park,,,,,,,,,,,,
Mount Larcom Tourist Park,Mt. Larcom,QLD,Kui Parks,Kui,https://kuiparks.com.au/parks/mount-larcom-tourist-park,,,,,,,,,,,,
Mystery Bay Campground,,NSW,Kui Parks,Kui,https://kuiparks.com.au/parks/mystery-bay-campground,,,,,,,,,,,,
Oakwood Caravan Park,friendliness Bundaberg,QLD,Kui Parks,Kui,https://kuiparks.com.au/parks/oakwood-caravan-park,,,,,,,,,,,,
Oasis Tourist Park,hideaway Virginia,NT,Kui Parks,Kui,https://kuiparks.com.au/parks/oasis-tourist-park,,,,,,,,,,,,
Pioneer Tourist Park,Cobb Highway,NSW,Kui Parks,Kui,https://kuiparks.com.au/parks/pioneer-tourist-park,,,,,,,,,,,,
Planet Earth Adventures,Mt. Surprise,QLD,Kui Parks,Kui,https://kuiparks.com.au/parks/planet-earth-adventures,,,,,,,,,,,,
Rich River Tourist Park,track! Echuca,VIC,Kui Parks,Kui,https://kuiparks.com.au/parks/rich-river-tourist-park,,,,,,,,,,,,
Riverside Burrum Heads,,QLD,Kui Parks,Kui,https://kuiparks.com.au/parks/riverside-burrum-heads,,,,,,,,,,,,
Robinvale Riverside Caravan Park,Fun Robinvale,VIC,Kui Parks,Kui,https://kuiparks.com.au/parks/robinvale-riverside-caravan-park,,,,,,,,,,,,
Sapphire Caravan & Cabin Park,setting Sapphire,QLD,Kui Parks,Kui,https://kuiparks.com.au/parks/sapphire-caravan-cabin-park,,,,,,,,,,,,
Tingha Gems Caravan Park,Gems! Tingha,NSW,Kui Parks,Kui,https://kuiparks.com.au/parks/tingha-gems-caravan-park,,,,,,,,,,,,
Tiny Away Escape @ Granite Belt,Belt Stanthorpe,QLD,Kui Parks,Kui,https://kuiparks.com.au/parks/tiny-away-escape-granite-belt,,,,,,,,,,,,
Traveller's Rest 1770 Eco Camping,,QLD,Kui Parks,Kui,https://kuiparks.com.au/parks/travellers-rest-1770-eco-camping,,,,,,,,,,,,
Trinity Islands Holiday Park,Burrum River,QLD,Kui Parks,Kui,https://kuiparks.com.au/parks/trinity-islands-holiday-park,,,,,,,,,,,,
Tropical Hibiscus Caravan Park,Wongaling Beach,QLD,Kui Parks,Kui,https://kuiparks.com.au/parks/tropical-hibiscus-caravan-park,,,,,,,,,,,,
Wangi Point Holiday Park,,NSW,Kui Parks,Kui,https://kuiparks.com.au/parks/wangi-point-holiday-park,,,,,,,,,,,,
Waterfront Holiday Park,,SA,Kui Parks,Kui,https://kuiparks.com.au/parks/waterfront-holiday-park,,,,,,,,,,,,
Wide Bay Getaway,Coast Bidwill,QLD,Kui Parks,Kui,https://kuiparks.com.au/parks/wide-bay-getaway,,,,,,,,,,,,
Williams Motel & Caravan Park,Secure Williams,WA,Kui Parks,Kui,https://kuiparks.com.au/parks/williams-motel-caravan-park,,,,,,,,,,,,
Alice Springs Tourist Park,ALICE SPRINGS,NT,Family Parks Australia,FamilyParks,,,,,,,,,,,,,
Captain Cook Holiday Park,BRUNY ISLAND,TAS,Family Parks Australia,FamilyParks,,,,,,,,,,,,,
Cardwell Van Park,CARDWELL,QLD,Family Parks Australia,FamilyParks,,,,,,,,,,,,,
Coolum Beach Holiday Park,SUNSHINE COAST,QLD,Family Parks Australia,FamilyParks,,,,,,,,,,,,,
Cotton Tree Holiday Park,SUNSHINE COAST,QLD,Family Parks Australia,FamilyParks,,,,,,,,,,,,,
Dicky Beach Family Holiday Park,SUNSHINE COAST,QLD,Family Parks Australia,FamilyParks,,,,,,,,,,,,,
Geelong Surfcoast Highway Holiday Park,GEELONG,VIC,Family Parks Australia,FamilyParks,,,,,,,,,,,,,
Gwydir Carapark & Thermal Pools,MOREE,NSW,Family Parks Australia,FamilyParks,,,,,,,,,,,,,
Holiday Lifestyle Henty Bay Portland,PORTLAND,VIC,Family Parks Australia,FamilyParks,,,,,,,,,,,,,
Maroochydore Beach Holiday Park,SUNSHINE COAST,QLD,Family Parks Australia,FamilyParks,,,,,,,,,,,,,
Mooloolaba Beach Holiday Park,SUNSHINE COAST,QLD,Family Parks Australia,FamilyParks,,,,,,,,,,,,,
Mudjimba Beach Holiday Park,SUNSHINE COAST,QLD,Family Parks Australia,FamilyParks,,,,,,,,,,,,,
Riverside Tourist Park,ROCKHAMPTON,QLD,Family Parks Australia,FamilyParks,,,,,,,,,,,,,
Second Valley Caravan Park,SECOND VALLEY,SA,Family Parks Australia,FamilyParks,,,,,,,,,,,,,
Surfside Holiday Park,WARRNAMBOOL,VIC,Family Parks Australia,FamilyParks,,,,,,,,,,,,,
Belmont Lakeside Caravan Park,Belmont,NSW,Lake Mac Holiday Parks,LakeMac,https://lakemacholidayparks.com.au/belmont-lakeside-caravan-park,,,,,,,,,,,,
Blacksmiths Beachside Caravan Park,Blacksmiths,NSW,Lake Mac Holiday Parks,LakeMac,https://lakemacholidayparks.com.au/blacksmiths-beachside-caravan-park,,,,,,,,,,,,
Swansea Lakeside Caravan Park,Swansea,NSW,Lake Mac Holiday Parks,LakeMac,https://lakemacholidayparks.com.au/swansea-lakeside-caravan-park,,,,,,,,,,,,
Wangi Point Caravan Park,Wangi,NSW,Lake Mac Holiday Parks,LakeMac,https://lakemacholidayparks.com.au/wangi-point-caravan-park,,,,,,,,,,,,
Sails Caravan Park,Sails,NSW,Lake Mac Holiday Parks,LakeMac,https://lakemacholidayparks.com.au/sails-caravan-park,,,,,,,,,,,,
Barlings Beach Holiday Park,,NSW,Aspen Holiday Parks,Aspen,https://aspenholidayparks.com.au/barlings-beach-holiday-park,,,,,,,,,,,,
Koala Shores Holiday Park,,NSW,Aspen Holiday Parks,Aspen,https://aspenholidayparks.com.au/koala-shores-holiday-park,,,,,,,,,,,,
The Black Dolphin Merimbula,,NSW,Aspen Holiday Parks,Aspen,https://aspenholidayparks.com.au/tween-waters-merimbula,,,,,,,,,,,,
Adelaide Caravan Park,City,SA,Aspen Holiday Parks,Aspen,https://aspenholidayparks.com.au/adelaide-caravan-park,,,,,,,,,,,,
Highway 1 Holiday & Lifestyle Park,,SA,Aspen Holiday Parks,Aspen,https://aspenholidayparks.com.au/highway-1-holiday-and-lifestyle-park,,,,,,,,,,,,
Karratha,,WA,Aspen Holiday Parks,Aspen,https://aspenholidayparks.com.au/aspen-karratha-village,,,,,,,,,,,,
Darwin FreeSpirit Resort,,NT,Aspen Holiday Parks,Aspen,https://aspenholidayparks.com.au/darwin-freespirit-resort,,,,,,,,,,,,
The Holiday Park,West Beach,SA,West Beach Parks,WestBeach,https://www.westbeachparks.com.au/holiday-accommodation/the-holiday-park,,,,,,,,,,,,
The Retreat,West Beach,SA,West Beach Parks,WestBeach,https://www.westbeachparks.com.au/holiday-accommodation/the-retreat,,,,,,,,,,,,
Diamond Beach Holiday Park,Diamond Beach,NSW,Independent,Manual,https://www.diamondbeachpark.com.au/,,,,,,,,,,,,
